from_node_id,to_node_id,relation_name,visibility,source,time_stamp,browser,time,since,follow_type,notifications,reason,is_permanent,language,edited,interest_level,visit_count,leftNodeActive,year,day,relevance,writter_is_active,is_pinned
1790,3950,CREATED,private,mobile,2023-02-16 11:35:24,,,,,,,,,,,,,,,,,
2462,3753,CREATED,private,mobile,2022-01-24 09:32:07,,,,,,,,,,,,,,,,,
2138,3486,CREATED,private,web,2022-12-18 08:52:17,,,,,,,,,,,,,,,,,
1525,3361,CREATED,public,mobile,2021-05-12 14:43:09,,,,,,,,,,,,,,,,,
2726,3133,CREATED,private,mobile,2020-08-20 07:42:45,,,,,,,,,,,,,,,,,
1229,3274,CREATED,public,web,2021-08-02 12:14:08,,,,,,,,,,,,,,,,,
1399,3141,CREATED,public,mobile,2021-04-08 18:46:12,,,,,,,,,,,,,,,,,
1658,3058,CREATED,public,mobile,2021-01-21 08:38:04,,,,,,,,,,,,,,,,,
1499,3294,CREATED,private,mobile,2022-01-21 12:51:45,,,,,,,,,,,,,,,,,
851,3362,CREATED,private,web,2023-02-26 19:58:30,,,,,,,,,,,,,,,,,
643,3879,CREATED,public,mobile,2022-12-11 17:46:07,,,,,,,,,,,,,,,,,
1296,3427,CREATED,public,mobile,2022-11-06 01:43:17,,,,,,,,,,,,,,,,,
2700,3476,CREATED,public,web,2023-01-08 05:31:28,,,,,,,,,,,,,,,,,
1554,3734,CREATED,public,web,2022-08-02 10:51:58,,,,,,,,,,,,,,,,,
2507,3899,CREATED,private,mobile,2022-04-19 23:17:36,,,,,,,,,,,,,,,,,
2312,3103,CREATED,public,mobile,2021-10-14 18:57:06,,,,,,,,,,,,,,,,,
68,3526,CREATED,public,web,2022-03-26 06:06:48,,,,,,,,,,,,,,,,,
972,3970,CREATED,public,web,2022-09-02 11:04:57,,,,,,,,,,,,,,,,,
300,3617,CREATED,private,mobile,2022-06-18 22:30:32,,,,,,,,,,,,,,,,,
934,3796,CREATED,private,mobile,2020-08-27 14:11:18,,,,,,,,,,,,,,,,,
1034,3690,CREATED,private,web,2023-04-24 22:02:57,,,,,,,,,,,,,,,,,
1075,3565,CREATED,public,mobile,2022-07-13 01:24:16,,,,,,,,,,,,,,,,,
1255,3881,CREATED,private,web,2021-04-10 17:23:23,,,,,,,,,,,,,,,,,
1533,3407,CREATED,private,mobile,2023-11-28 02:09:03,,,,,,,,,,,,,,,,,
2455,3877,CREATED,private,mobile,2022-06-25 02:46:12,,,,,,,,,,,,,,,,,
117,3446,CREATED,private,web,2020-01-16 05:31:35,,,,,,,,,,,,,,,,,
2094,3939,CREATED,private,mobile,2021-06-28 09:14:45,,,,,,,,,,,,,,,,,
2544,3813,CREATED,private,mobile,2021-08-22 14:41:05,,,,,,,,,,,,,,,,,
228,3944,CREATED,public,web,2023-03-07 03:17:04,,,,,,,,,,,,,,,,,
342,3040,CREATED,private,web,2022-04-20 07:28:38,,,,,,,,,,,,,,,,,
522,3719,CREATED,public,web,2023-08-26 09:46:27,,,,,,,,,,,,,,,,,
871,3865,CREATED,public,mobile,2022-10-31 09:15:57,,,,,,,,,,,,,,,,,
948,3337,CREATED,public,web,2023-07-14 11:59:36,,,,,,,,,,,,,,,,,
2731,3417,CREATED,public,mobile,2021-03-16 17:11:14,,,,,,,,,,,,,,,,,
1910,3938,CREATED,public,web,2020-06-03 17:43:00,,,,,,,,,,,,,,,,,
1538,3170,CREATED,private,mobile,2022-05-11 10:52:23,,,,,,,,,,,,,,,,,
2520,3018,CREATED,public,web,2020-08-07 17:06:46,,,,,,,,,,,,,,,,,
1382,3962,CREATED,private,mobile,2021-08-16 04:55:59,,,,,,,,,,,,,,,,,
5,3029,CREATED,private,web,2021-03-16 02:34:01,,,,,,,,,,,,,,,,,
1908,3026,CREATED,public,mobile,2021-06-22 04:54:03,,,,,,,,,,,,,,,,,
2633,3335,CREATED,public,mobile,2023-03-11 06:59:51,,,,,,,,,,,,,,,,,
1164,3583,CREATED,private,web,2023-01-05 18:56:53,,,,,,,,,,,,,,,,,
1400,3358,CREATED,public,mobile,2022-02-23 14:00:56,,,,,,,,,,,,,,,,,
2221,3031,CREATED,public,web,2020-06-07 04:26:07,,,,,,,,,,,,,,,,,
1922,3939,CREATED,private,web,2022-02-07 06:31:25,,,,,,,,,,,,,,,,,
94,3818,CREATED,private,mobile,2020-05-20 15:51:34,,,,,,,,,,,,,,,,,
17,3992,CREATED,public,web,2022-05-11 12:38:19,,,,,,,,,,,,,,,,,
1071,3001,CREATED,public,web,2022-03-08 01:46:05,,,,,,,,,,,,,,,,,
2562,3322,CREATED,private,web,2020-02-17 01:03:10,,,,,,,,,,,,,,,,,
977,3950,CREATED,private,web,2021-11-02 06:00:40,,,,,,,,,,,,,,,,,
2121,3610,CREATED,private,mobile,2020-02-20 18:18:18,,,,,,,,,,,,,,,,,
309,3139,CREATED,public,mobile,2022-03-25 03:06:19,,,,,,,,,,,,,,,,,
652,3679,CREATED,public,mobile,2023-11-04 11:39:24,,,,,,,,,,,,,,,,,
1100,3912,CREATED,public,mobile,2023-07-27 09:04:01,,,,,,,,,,,,,,,,,
600,3602,CREATED,private,web,2020-06-12 13:09:54,,,,,,,,,,,,,,,,,
1727,3498,CREATED,public,web,2021-02-07 17:34:08,,,,,,,,,,,,,,,,,
2629,3292,CREATED,private,web,2022-12-03 06:21:13,,,,,,,,,,,,,,,,,
952,3873,CREATED,public,mobile,2023-08-10 19:18:41,,,,,,,,,,,,,,,,,
2560,3091,CREATED,public,mobile,2022-10-29 15:01:28,,,,,,,,,,,,,,,,,
582,3619,CREATED,private,web,2022-05-14 22:23:47,,,,,,,,,,,,,,,,,
1225,3470,CREATED,private,mobile,2023-02-28 14:37:50,,,,,,,,,,,,,,,,,
245,3799,CREATED,private,mobile,2020-09-24 03:07:45,,,,,,,,,,,,,,,,,
200,3982,CREATED,public,web,2020-12-27 07:28:57,,,,,,,,,,,,,,,,,
1999,3586,CREATED,private,mobile,2022-01-23 22:33:29,,,,,,,,,,,,,,,,,
1693,3834,CREATED,private,web,2023-12-24 17:22:17,,,,,,,,,,,,,,,,,
720,3852,CREATED,private,mobile,2021-09-29 21:49:18,,,,,,,,,,,,,,,,,
200,3139,CREATED,private,mobile,2021-10-17 07:35:53,,,,,,,,,,,,,,,,,
2673,3063,CREATED,public,mobile,2021-04-15 17:43:48,,,,,,,,,,,,,,,,,
932,3397,CREATED,public,mobile,2022-02-07 20:13:23,,,,,,,,,,,,,,,,,
633,3848,CREATED,public,web,2022-08-21 03:11:21,,,,,,,,,,,,,,,,,
2844,3185,CREATED,public,mobile,2023-12-25 15:00:36,,,,,,,,,,,,,,,,,
909,3712,CREATED,private,web,2023-05-09 08:20:18,,,,,,,,,,,,,,,,,
2395,3740,CREATED,public,web,2022-10-22 13:38:50,,,,,,,,,,,,,,,,,
1438,3443,CREATED,private,mobile,2023-05-05 13:02:51,,,,,,,,,,,,,,,,,
1439,3908,CREATED,public,web,2022-09-24 21:07:18,,,,,,,,,,,,,,,,,
1427,3609,CREATED,private,web,2023-05-03 01:05:08,,,,,,,,,,,,,,,,,
1436,3803,CREATED,public,web,2022-04-30 14:58:14,,,,,,,,,,,,,,,,,
322,3984,CREATED,private,mobile,2023-09-28 11:33:16,,,,,,,,,,,,,,,,,
1096,3635,CREATED,private,mobile,2023-05-24 17:33:05,,,,,,,,,,,,,,,,,
644,3481,CREATED,private,web,2020-06-25 23:07:14,,,,,,,,,,,,,,,,,
1256,3683,CREATED,public,mobile,2023-09-01 10:42:27,,,,,,,,,,,,,,,,,
1788,3063,CREATED,public,web,2020-10-29 17:52:11,,,,,,,,,,,,,,,,,
2146,3567,CREATED,public,mobile,2023-05-14 18:50:31,,,,,,,,,,,,,,,,,
953,3658,CREATED,private,web,2020-10-08 00:38:18,,,,,,,,,,,,,,,,,
435,3491,CREATED,private,web,2022-06-14 23:51:32,,,,,,,,,,,,,,,,,
641,3873,CREATED,public,mobile,2023-12-16 09:12:23,,,,,,,,,,,,,,,,,
2056,3255,CREATED,private,web,2020-07-16 14:24:30,,,,,,,,,,,,,,,,,
693,3003,CREATED,private,web,2022-04-29 07:07:57,,,,,,,,,,,,,,,,,
1628,3568,CREATED,private,web,2023-10-15 06:06:12,,,,,,,,,,,,,,,,,
2664,3327,CREATED,private,mobile,2023-06-03 04:37:01,,,,,,,,,,,,,,,,,
332,3268,CREATED,public,mobile,2021-08-31 15:48:27,,,,,,,,,,,,,,,,,
282,3786,CREATED,private,mobile,2020-02-05 04:29:26,,,,,,,,,,,,,,,,,
2667,3805,CREATED,private,mobile,2021-12-16 10:28:48,,,,,,,,,,,,,,,,,
1464,3644,CREATED,private,web,2021-10-15 19:35:44,,,,,,,,,,,,,,,,,
1708,3269,CREATED,private,mobile,2021-07-31 11:58:55,,,,,,,,,,,,,,,,,
1536,3617,CREATED,private,mobile,2022-06-05 18:55:45,,,,,,,,,,,,,,,,,
2933,3188,CREATED,public,web,2023-12-29 14:55:03,,,,,,,,,,,,,,,,,
1163,3316,CREATED,public,web,2022-08-18 06:22:14,,,,,,,,,,,,,,,,,
2790,3023,CREATED,private,mobile,2021-12-25 15:27:30,,,,,,,,,,,,,,,,,
1067,3561,CREATED,private,web,2021-01-02 22:49:31,,,,,,,,,,,,,,,,,
2790,3719,LIKES,,web,,Safari,2020-12-28 12:01:17,,,,,,,,,,,,,,,
1470,3937,LIKES,,web,,Safari,2022-04-18 02:47:48,,,,,,,,,,,,,,,
1398,3238,LIKES,,mobile,,Chrome,2022-07-05 13:00:46,,,,,,,,,,,,,,,
1995,3793,LIKES,,web,,Chrome,2020-07-05 23:32:00,,,,,,,,,,,,,,,
2616,3610,LIKES,,mobile,,Chrome,2021-07-25 01:42:14,,,,,,,,,,,,,,,
999,3244,LIKES,,web,,Chrome,2022-12-31 01:47:49,,,,,,,,,,,,,,,
1974,3241,LIKES,,web,,Safari,2020-01-25 14:12:34,,,,,,,,,,,,,,,
1101,3971,LIKES,,mobile,,Chrome,2020-04-25 08:09:45,,,,,,,,,,,,,,,
2070,3965,LIKES,,mobile,,Chrome,2021-01-13 16:20:45,,,,,,,,,,,,,,,
2922,3630,LIKES,,mobile,,Safari,2021-04-20 08:37:35,,,,,,,,,,,,,,,
1992,3298,LIKES,,web,,Safari,2021-10-22 10:09:55,,,,,,,,,,,,,,,
499,3020,LIKES,,mobile,,Chrome,2021-09-30 10:30:17,,,,,,,,,,,,,,,
1448,3617,LIKES,,web,,Chrome,2023-05-01 01:32:52,,,,,,,,,,,,,,,
755,3498,LIKES,,web,,Chrome,2020-12-24 21:32:48,,,,,,,,,,,,,,,
941,3208,LIKES,,mobile,,Safari,2021-12-27 07:58:37,,,,,,,,,,,,,,,
1995,3575,LIKES,,web,,Chrome,2020-08-21 22:34:36,,,,,,,,,,,,,,,
1188,3273,LIKES,,mobile,,Chrome,2022-07-29 11:21:17,,,,,,,,,,,,,,,
57,3606,LIKES,,web,,Safari,2022-10-20 03:21:45,,,,,,,,,,,,,,,
2833,3184,LIKES,,web,,Safari,2021-01-29 03:58:25,,,,,,,,,,,,,,,
259,3960,LIKES,,mobile,,Safari,2023-10-29 22:34:15,,,,,,,,,,,,,,,
2105,3514,LIKES,,mobile,,Safari,2022-02-17 14:31:58,,,,,,,,,,,,,,,
681,3254,LIKES,,web,,Safari,2022-03-29 13:51:08,,,,,,,,,,,,,,,
1740,3681,LIKES,,web,,Safari,2021-11-02 10:18:22,,,,,,,,,,,,,,,
14,3652,LIKES,,mobile,,Chrome,2023-07-18 06:32:24,,,,,,,,,,,,,,,
1691,3664,LIKES,,mobile,,Chrome,2020-09-25 11:59:10,,,,,,,,,,,,,,,
2559,3087,LIKES,,mobile,,Chrome,2022-08-04 00:05:28,,,,,,,,,,,,,,,
542,3631,LIKES,,web,,Chrome,2020-01-08 19:58:37,,,,,,,,,,,,,,,
1330,3146,LIKES,,mobile,,Chrome,2020-12-19 11:02:10,,,,,,,,,,,,,,,
1361,3638,LIKES,,mobile,,Safari,2020-01-13 19:23:35,,,,,,,,,,,,,,,
789,3344,LIKES,,mobile,,Chrome,2022-02-04 09:07:57,,,,,,,,,,,,,,,
85,3680,LIKES,,web,,Safari,2021-01-13 06:11:02,,,,,,,,,,,,,,,
2101,3244,LIKES,,web,,Safari,2022-07-16 18:00:53,,,,,,,,,,,,,,,
2014,3087,LIKES,,web,,Chrome,2022-03-11 21:48:19,,,,,,,,,,,,,,,
1441,3759,LIKES,,mobile,,Safari,2020-07-23 23:59:43,,,,,,,,,,,,,,,
582,3280,LIKES,,web,,Chrome,2021-07-29 16:14:11,,,,,,,,,,,,,,,
2123,3108,LIKES,,web,,Safari,2023-08-30 16:19:24,,,,,,,,,,,,,,,
1293,3866,LIKES,,mobile,,Safari,2020-05-14 02:29:50,,,,,,,,,,,,,,,
1477,3952,LIKES,,web,,Safari,2022-01-18 10:50:24,,,,,,,,,,,,,,,
389,3638,LIKES,,web,,Chrome,2021-12-20 04:51:30,,,,,,,,,,,,,,,
1560,3241,LIKES,,mobile,,Chrome,2022-04-03 04:17:22,,,,,,,,,,,,,,,
595,3224,LIKES,,web,,Chrome,2021-04-23 22:33:57,,,,,,,,,,,,,,,
1787,3690,LIKES,,web,,Chrome,2022-01-29 11:07:45,,,,,,,,,,,,,,,
2165,3321,LIKES,,mobile,,Safari,2023-03-06 17:24:29,,,,,,,,,,,,,,,
2428,3794,LIKES,,web,,Chrome,2020-05-12 03:09:48,,,,,,,,,,,,,,,
937,3306,LIKES,,web,,Safari,2021-01-04 17:02:52,,,,,,,,,,,,,,,
752,3513,LIKES,,web,,Safari,2022-07-29 21:12:43,,,,,,,,,,,,,,,
271,3043,LIKES,,web,,Chrome,2020-05-16 04:01:09,,,,,,,,,,,,,,,
630,3714,LIKES,,web,,Chrome,2021-07-16 08:32:10,,,,,,,,,,,,,,,
2440,3707,LIKES,,web,,Chrome,2023-10-06 01:52:46,,,,,,,,,,,,,,,
1957,3688,LIKES,,mobile,,Chrome,2022-06-13 13:08:55,,,,,,,,,,,,,,,
164,3629,LIKES,,mobile,,Chrome,2022-02-25 19:05:31,,,,,,,,,,,,,,,
2294,3356,LIKES,,web,,Chrome,2020-08-26 17:16:14,,,,,,,,,,,,,,,
496,3291,LIKES,,web,,Safari,2022-03-02 02:39:24,,,,,,,,,,,,,,,
33,3192,LIKES,,mobile,,Safari,2023-07-09 20:41:11,,,,,,,,,,,,,,,
122,3657,LIKES,,mobile,,Chrome,2022-08-27 04:22:29,,,,,,,,,,,,,,,
1987,3877,LIKES,,web,,Chrome,2020-03-03 12:45:55,,,,,,,,,,,,,,,
2857,3056,LIKES,,mobile,,Chrome,2022-11-17 06:37:11,,,,,,,,,,,,,,,
758,3914,LIKES,,mobile,,Chrome,2020-01-23 08:20:04,,,,,,,,,,,,,,,
1630,3919,LIKES,,mobile,,Chrome,2023-04-06 05:21:27,,,,,,,,,,,,,,,
818,3053,LIKES,,mobile,,Chrome,2020-03-25 20:05:35,,,,,,,,,,,,,,,
2875,3329,LIKES,,mobile,,Safari,2023-06-08 04:58:32,,,,,,,,,,,,,,,
2624,3519,LIKES,,mobile,,Safari,2023-10-30 03:14:44,,,,,,,,,,,,,,,
2085,3523,LIKES,,mobile,,Chrome,2021-10-04 23:19:24,,,,,,,,,,,,,,,
2783,3651,LIKES,,web,,Chrome,2020-08-04 04:52:24,,,,,,,,,,,,,,,
2689,3463,LIKES,,mobile,,Safari,2021-06-13 07:04:06,,,,,,,,,,,,,,,
121,3312,LIKES,,web,,Safari,2022-07-29 13:04:04,,,,,,,,,,,,,,,
418,3124,LIKES,,mobile,,Safari,2023-11-01 21:39:27,,,,,,,,,,,,,,,
1692,3390,LIKES,,web,,Chrome,2020-07-25 03:17:06,,,,,,,,,,,,,,,
318,3579,LIKES,,web,,Safari,2023-03-31 19:12:10,,,,,,,,,,,,,,,
310,3421,LIKES,,web,,Safari,2022-03-31 18:27:09,,,,,,,,,,,,,,,
1092,3886,LIKES,,mobile,,Safari,2020-01-06 08:36:25,,,,,,,,,,,,,,,
246,3621,LIKES,,web,,Chrome,2023-10-31 13:23:24,,,,,,,,,,,,,,,
2001,3138,LIKES,,web,,Safari,2023-04-25 07:04:41,,,,,,,,,,,,,,,
2831,3701,LIKES,,mobile,,Safari,2023-04-12 16:37:19,,,,,,,,,,,,,,,
1890,3789,LIKES,,mobile,,Safari,2021-07-22 10:49:15,,,,,,,,,,,,,,,
2312,3734,LIKES,,mobile,,Safari,2020-11-30 19:13:16,,,,,,,,,,,,,,,
517,3065,LIKES,,web,,Safari,2021-08-19 12:38:46,,,,,,,,,,,,,,,
2520,3514,LIKES,,mobile,,Chrome,2023-11-17 02:52:38,,,,,,,,,,,,,,,
88,3547,LIKES,,mobile,,Safari,2020-06-11 00:47:45,,,,,,,,,,,,,,,
1807,3266,LIKES,,web,,Chrome,2021-04-01 22:56:33,,,,,,,,,,,,,,,
2567,3569,LIKES,,web,,Safari,2021-08-10 20:23:28,,,,,,,,,,,,,,,
2565,3054,LIKES,,web,,Chrome,2020-07-22 04:46:51,,,,,,,,,,,,,,,
293,3689,LIKES,,web,,Safari,2023-09-04 20:49:29,,,,,,,,,,,,,,,
1098,3836,LIKES,,web,,Safari,2022-12-10 20:01:46,,,,,,,,,,,,,,,
379,3647,LIKES,,mobile,,Chrome,2022-11-14 02:15:02,,,,,,,,,,,,,,,
1280,3654,LIKES,,mobile,,Chrome,2020-12-16 10:22:47,,,,,,,,,,,,,,,
2556,3995,LIKES,,web,,Chrome,2023-12-01 13:13:29,,,,,,,,,,,,,,,
1588,3127,LIKES,,web,,Safari,2022-05-05 12:44:57,,,,,,,,,,,,,,,
76,3081,LIKES,,web,,Chrome,2021-12-08 15:23:37,,,,,,,,,,,,,,,
2717,3309,LIKES,,web,,Safari,2020-10-31 15:42:34,,,,,,,,,,,,,,,
1024,3244,LIKES,,web,,Safari,2021-11-21 00:44:45,,,,,,,,,,,,,,,
1991,3447,LIKES,,mobile,,Chrome,2020-03-12 16:13:46,,,,,,,,,,,,,,,
1356,3865,LIKES,,mobile,,Chrome,2023-04-14 19:10:14,,,,,,,,,,,,,,,
1682,3646,LIKES,,mobile,,Safari,2023-11-08 02:23:57,,,,,,,,,,,,,,,
1973,3853,LIKES,,web,,Safari,2021-10-21 01:58:19,,,,,,,,,,,,,,,
2679,3587,LIKES,,mobile,,Safari,2022-11-08 14:33:15,,,,,,,,,,,,,,,
298,3774,LIKES,,mobile,,Chrome,2022-09-09 22:20:25,,,,,,,,,,,,,,,
1768,3708,LIKES,,web,,Safari,2021-05-20 04:52:58,,,,,,,,,,,,,,,
1582,3738,LIKES,,mobile,,Safari,2023-01-05 13:52:34,,,,,,,,,,,,,,,
1142,3617,LIKES,,web,,Safari,2020-01-17 12:21:09,,,,,,,,,,,,,,,
345,3531,DISLIKES,,web,2021-09-11 07:34:31,Safari,,,,,,,,,,,,,,,,
2316,3934,DISLIKES,,web,2022-08-18 09:16:42,Safari,,,,,,,,,,,,,,,,
387,3135,DISLIKES,,web,2022-12-10 22:31:35,Safari,,,,,,,,,,,,,,,,
1144,3194,DISLIKES,,web,2021-11-04 14:36:27,Safari,,,,,,,,,,,,,,,,
670,3762,DISLIKES,,web,2021-11-14 13:53:41,Safari,,,,,,,,,,,,,,,,
1600,3249,DISLIKES,,web,2022-06-15 11:29:58,Chrome,,,,,,,,,,,,,,,,
1434,3395,DISLIKES,,mobile,2020-03-17 08:12:30,Chrome,,,,,,,,,,,,,,,,
906,3622,DISLIKES,,web,2022-06-20 12:54:24,Safari,,,,,,,,,,,,,,,,
698,3259,DISLIKES,,web,2022-08-04 14:24:07,Safari,,,,,,,,,,,,,,,,
2821,3109,DISLIKES,,web,2022-11-12 04:06:48,Safari,,,,,,,,,,,,,,,,
1515,3844,DISLIKES,,mobile,2020-06-16 08:55:13,Safari,,,,,,,,,,,,,,,,
42,3641,DISLIKES,,mobile,2023-12-14 20:30:35,Chrome,,,,,,,,,,,,,,,,
166,3399,DISLIKES,,mobile,2022-08-20 21:39:57,Safari,,,,,,,,,,,,,,,,
2875,3361,DISLIKES,,mobile,2023-06-11 09:19:46,Chrome,,,,,,,,,,,,,,,,
1168,3728,DISLIKES,,mobile,2022-12-13 02:26:29,Chrome,,,,,,,,,,,,,,,,
2370,3874,DISLIKES,,web,2021-08-27 09:27:17,Chrome,,,,,,,,,,,,,,,,
1473,3396,DISLIKES,,mobile,2020-04-11 05:12:34,Chrome,,,,,,,,,,,,,,,,
123,3772,DISLIKES,,mobile,2020-09-05 12:08:58,Safari,,,,,,,,,,,,,,,,
36,3001,DISLIKES,,web,2023-12-05 14:03:07,Safari,,,,,,,,,,,,,,,,
1493,3421,DISLIKES,,web,2021-02-13 08:04:25,Safari,,,,,,,,,,,,,,,,
1117,3882,DISLIKES,,mobile,2020-06-06 14:18:17,Chrome,,,,,,,,,,,,,,,,
1743,3249,DISLIKES,,web,2022-04-27 22:18:02,Chrome,,,,,,,,,,,,,,,,
1065,3688,DISLIKES,,mobile,2022-01-04 07:53:22,Safari,,,,,,,,,,,,,,,,
1361,3214,DISLIKES,,web,2020-06-07 11:06:23,Safari,,,,,,,,,,,,,,,,
412,3280,DISLIKES,,mobile,2021-03-27 05:35:18,Safari,,,,,,,,,,,,,,,,
495,3857,DISLIKES,,mobile,2022-05-07 12:56:05,Chrome,,,,,,,,,,,,,,,,
1776,3169,DISLIKES,,mobile,2021-04-29 05:23:37,Safari,,,,,,,,,,,,,,,,
547,3282,DISLIKES,,web,2020-01-24 15:27:40,Safari,,,,,,,,,,,,,,,,
2542,3516,DISLIKES,,mobile,2022-11-06 02:08:38,Chrome,,,,,,,,,,,,,,,,
1134,3362,DISLIKES,,mobile,2021-09-28 10:05:45,Chrome,,,,,,,,,,,,,,,,
2375,3516,DISLIKES,,mobile,2023-03-23 17:37:29,Safari,,,,,,,,,,,,,,,,
2774,3311,DISLIKES,,web,2023-02-01 00:14:21,Chrome,,,,,,,,,,,,,,,,
1136,3156,DISLIKES,,web,2022-12-03 21:56:36,Chrome,,,,,,,,,,,,,,,,
1915,3369,DISLIKES,,web,2022-03-20 19:05:27,Chrome,,,,,,,,,,,,,,,,
142,3060,DISLIKES,,web,2023-02-21 15:31:01,Safari,,,,,,,,,,,,,,,,
1732,3316,DISLIKES,,web,2021-12-03 19:42:23,Chrome,,,,,,,,,,,,,,,,
2209,3457,DISLIKES,,mobile,2021-07-28 16:24:48,Chrome,,,,,,,,,,,,,,,,
894,3777,DISLIKES,,web,2021-04-03 05:16:01,Safari,,,,,,,,,,,,,,,,
2861,3795,DISLIKES,,mobile,2023-10-18 02:48:48,Chrome,,,,,,,,,,,,,,,,
2572,3127,DISLIKES,,web,2022-01-01 04:07:25,Safari,,,,,,,,,,,,,,,,
1551,3994,DISLIKES,,web,2021-11-01 07:19:21,Safari,,,,,,,,,,,,,,,,
127,3766,DISLIKES,,web,2020-05-25 11:13:31,Chrome,,,,,,,,,,,,,,,,
2682,3968,DISLIKES,,mobile,2021-04-26 19:55:20,Safari,,,,,,,,,,,,,,,,
463,3136,DISLIKES,,web,2022-07-08 22:04:21,Safari,,,,,,,,,,,,,,,,
1943,3971,DISLIKES,,mobile,2020-03-20 19:10:49,Chrome,,,,,,,,,,,,,,,,
1761,3855,DISLIKES,,web,2022-04-24 19:26:18,Safari,,,,,,,,,,,,,,,,
2632,3373,DISLIKES,,mobile,2022-12-22 18:20:38,Chrome,,,,,,,,,,,,,,,,
2435,3865,DISLIKES,,web,2020-01-21 00:24:29,Chrome,,,,,,,,,,,,,,,,
1762,3029,DISLIKES,,web,2021-02-01 15:02:03,Chrome,,,,,,,,,,,,,,,,
360,3040,DISLIKES,,mobile,2020-04-09 08:14:12,Chrome,,,,,,,,,,,,,,,,
441,3830,DISLIKES,,web,2023-07-05 11:23:44,Chrome,,,,,,,,,,,,,,,,
2664,3352,DISLIKES,,web,2023-05-21 22:21:22,Chrome,,,,,,,,,,,,,,,,
1606,3549,DISLIKES,,web,2021-02-22 10:24:14,Safari,,,,,,,,,,,,,,,,
465,3514,DISLIKES,,web,2020-01-10 00:31:01,Safari,,,,,,,,,,,,,,,,
2344,3077,DISLIKES,,web,2023-07-03 11:18:59,Safari,,,,,,,,,,,,,,,,
2459,3092,DISLIKES,,web,2020-02-03 00:23:09,Chrome,,,,,,,,,,,,,,,,
673,3531,DISLIKES,,web,2023-05-28 22:19:25,Safari,,,,,,,,,,,,,,,,
779,3948,DISLIKES,,web,2022-12-03 01:25:35,Chrome,,,,,,,,,,,,,,,,
351,3749,DISLIKES,,mobile,2022-09-20 11:30:27,Safari,,,,,,,,,,,,,,,,
1098,3254,DISLIKES,,web,2020-11-08 22:33:00,Safari,,,,,,,,,,,,,,,,
1325,3513,DISLIKES,,web,2020-07-28 21:52:05,Safari,,,,,,,,,,,,,,,,
396,3811,DISLIKES,,mobile,2021-07-09 16:50:22,Safari,,,,,,,,,,,,,,,,
1586,3141,DISLIKES,,web,2022-07-01 00:45:37,Safari,,,,,,,,,,,,,,,,
2381,3575,DISLIKES,,web,2022-06-18 09:20:09,Safari,,,,,,,,,,,,,,,,
1469,3317,DISLIKES,,mobile,2020-03-24 19:34:33,Chrome,,,,,,,,,,,,,,,,
806,3182,DISLIKES,,web,2020-06-30 14:30:56,Chrome,,,,,,,,,,,,,,,,
2263,3337,DISLIKES,,mobile,2021-08-31 17:13:19,Chrome,,,,,,,,,,,,,,,,
2010,3370,DISLIKES,,mobile,2022-06-02 22:52:56,Safari,,,,,,,,,,,,,,,,
1859,3050,DISLIKES,,web,2023-02-09 08:04:12,Chrome,,,,,,,,,,,,,,,,
1589,3369,DISLIKES,,web,2022-01-02 21:34:48,Safari,,,,,,,,,,,,,,,,
2230,3594,DISLIKES,,web,2023-02-22 07:10:39,Safari,,,,,,,,,,,,,,,,
382,3411,DISLIKES,,mobile,2023-04-14 11:17:30,Safari,,,,,,,,,,,,,,,,
1686,3514,DISLIKES,,web,2022-01-04 13:56:09,Chrome,,,,,,,,,,,,,,,,
721,3955,DISLIKES,,mobile,2022-11-13 17:08:54,Safari,,,,,,,,,,,,,,,,
2,3862,DISLIKES,,mobile,2023-05-25 01:37:15,Safari,,,,,,,,,,,,,,,,
702,3106,DISLIKES,,mobile,2022-08-11 15:38:16,Safari,,,,,,,,,,,,,,,,
1281,3401,DISLIKES,,mobile,2020-04-24 09:39:00,Safari,,,,,,,,,,,,,,,,
961,3217,DISLIKES,,web,2020-03-11 10:17:36,Safari,,,,,,,,,,,,,,,,
449,3135,DISLIKES,,mobile,2022-10-07 16:00:45,Safari,,,,,,,,,,,,,,,,
808,3112,DISLIKES,,web,2020-05-12 13:17:57,Chrome,,,,,,,,,,,,,,,,
2166,3169,DISLIKES,,mobile,2020-04-07 11:02:33,Safari,,,,,,,,,,,,,,,,
421,3042,DISLIKES,,mobile,2023-04-29 21:18:21,Safari,,,,,,,,,,,,,,,,
1156,3591,DISLIKES,,mobile,2023-11-01 22:20:09,Chrome,,,,,,,,,,,,,,,,
2507,3369,DISLIKES,,web,2023-12-23 18:52:34,Safari,,,,,,,,,,,,,,,,
88,3646,DISLIKES,,web,2020-10-10 02:45:58,Chrome,,,,,,,,,,,,,,,,
2482,3345,DISLIKES,,mobile,2023-04-05 06:44:02,Safari,,,,,,,,,,,,,,,,
2870,3212,DISLIKES,,web,2021-03-20 01:58:04,Chrome,,,,,,,,,,,,,,,,
1639,3250,DISLIKES,,web,2021-05-18 09:42:20,Chrome,,,,,,,,,,,,,,,,
907,3197,DISLIKES,,mobile,2021-01-15 20:58:33,Chrome,,,,,,,,,,,,,,,,
1470,3076,DISLIKES,,mobile,2021-07-23 08:40:12,Safari,,,,,,,,,,,,,,,,
2446,3630,DISLIKES,,web,2021-01-22 06:41:37,Chrome,,,,,,,,,,,,,,,,
1520,3040,DISLIKES,,web,2023-08-16 10:56:19,Chrome,,,,,,,,,,,,,,,,
2622,3926,DISLIKES,,mobile,2021-01-26 14:35:48,Chrome,,,,,,,,,,,,,,,,
1432,3947,DISLIKES,,web,2020-06-19 19:18:57,Safari,,,,,,,,,,,,,,,,
279,3819,DISLIKES,,web,2020-07-15 00:05:07,Safari,,,,,,,,,,,,,,,,
2172,3184,DISLIKES,,web,2021-09-06 23:29:57,Safari,,,,,,,,,,,,,,,,
197,3921,DISLIKES,,mobile,2020-05-12 13:42:03,Safari,,,,,,,,,,,,,,,,
1599,3169,DISLIKES,,mobile,2023-12-05 12:33:49,Safari,,,,,,,,,,,,,,,,
614,3870,DISLIKES,,mobile,2023-12-18 21:16:05,Chrome,,,,,,,,,,,,,,,,
951,3861,DISLIKES,,web,2022-05-29 14:31:19,Chrome,,,,,,,,,,,,,,,,
282,2301,FOLLOWS,,,,,,2022-04-09,casual,False,,,,,,,,,,,,
2188,1134,FOLLOWS,,,,,,2022-12-04,close_friend,True,,,,,,,,,,,,
2523,770,FOLLOWS,,,,,,2022-05-06,casual,False,,,,,,,,,,,,
1953,2840,FOLLOWS,,,,,,2022-05-22,close_friend,True,,,,,,,,,,,,
1650,1281,FOLLOWS,,,,,,2023-07-02,casual,True,,,,,,,,,,,,
2201,718,FOLLOWS,,,,,,2020-02-09,close_friend,False,,,,,,,,,,,,
478,2146,FOLLOWS,,,,,,2021-11-13,close_friend,True,,,,,,,,,,,,
1402,1384,FOLLOWS,,,,,,2020-11-18,casual,False,,,,,,,,,,,,
541,1569,FOLLOWS,,,,,,2020-06-21,close_friend,False,,,,,,,,,,,,
274,1548,FOLLOWS,,,,,,2021-11-17,casual,True,,,,,,,,,,,,
2103,1461,FOLLOWS,,,,,,2023-08-13,close_friend,True,,,,,,,,,,,,
541,2067,FOLLOWS,,,,,,2021-11-19,close_friend,False,,,,,,,,,,,,
1726,26,FOLLOWS,,,,,,2022-07-23,close_friend,False,,,,,,,,,,,,
1874,2378,FOLLOWS,,,,,,2023-02-07,casual,True,,,,,,,,,,,,
2916,361,FOLLOWS,,,,,,2020-08-14,casual,False,,,,,,,,,,,,
322,848,FOLLOWS,,,,,,2021-04-13,close_friend,False,,,,,,,,,,,,
1474,2865,FOLLOWS,,,,,,2022-12-18,close_friend,True,,,,,,,,,,,,
2984,381,FOLLOWS,,,,,,2021-12-27,close_friend,True,,,,,,,,,,,,
2019,2449,FOLLOWS,,,,,,2022-04-08,close_friend,False,,,,,,,,,,,,
19,807,FOLLOWS,,,,,,2021-07-10,casual,True,,,,,,,,,,,,
1421,2677,FOLLOWS,,,,,,2022-05-29,casual,True,,,,,,,,,,,,
2552,2351,FOLLOWS,,,,,,2022-10-22,casual,False,,,,,,,,,,,,
184,1960,FOLLOWS,,,,,,2020-10-16,close_friend,True,,,,,,,,,,,,
1874,1421,FOLLOWS,,,,,,2020-10-30,close_friend,True,,,,,,,,,,,,
1338,2416,FOLLOWS,,,,,,2022-06-27,close_friend,False,,,,,,,,,,,,
2224,732,FOLLOWS,,,,,,2021-03-02,close_friend,False,,,,,,,,,,,,
2294,2912,FOLLOWS,,,,,,2021-01-30,close_friend,False,,,,,,,,,,,,
56,2937,FOLLOWS,,,,,,2022-10-10,close_friend,False,,,,,,,,,,,,
370,1753,FOLLOWS,,,,,,2021-03-12,close_friend,False,,,,,,,,,,,,
72,453,FOLLOWS,,,,,,2022-05-21,close_friend,True,,,,,,,,,,,,
1309,820,FOLLOWS,,,,,,2020-09-06,casual,True,,,,,,,,,,,,
163,603,FOLLOWS,,,,,,2021-10-29,casual,False,,,,,,,,,,,,
1351,2957,FOLLOWS,,,,,,2020-02-08,close_friend,True,,,,,,,,,,,,
606,2179,FOLLOWS,,,,,,2021-07-14,casual,True,,,,,,,,,,,,
868,2649,FOLLOWS,,,,,,2022-06-21,close_friend,False,,,,,,,,,,,,
2590,1605,FOLLOWS,,,,,,2023-12-01,close_friend,False,,,,,,,,,,,,
203,760,FOLLOWS,,,,,,2021-08-17,casual,False,,,,,,,,,,,,
1098,2587,FOLLOWS,,,,,,2020-03-16,close_friend,False,,,,,,,,,,,,
333,1334,FOLLOWS,,,,,,2021-06-04,close_friend,False,,,,,,,,,,,,
2906,1535,FOLLOWS,,,,,,2021-04-19,close_friend,False,,,,,,,,,,,,
1970,1151,FOLLOWS,,,,,,2023-06-19,close_friend,False,,,,,,,,,,,,
1398,2080,FOLLOWS,,,,,,2021-03-27,close_friend,False,,,,,,,,,,,,
843,889,FOLLOWS,,,,,,2020-05-19,casual,False,,,,,,,,,,,,
2703,949,FOLLOWS,,,,,,2022-08-26,casual,True,,,,,,,,,,,,
2928,2123,FOLLOWS,,,,,,2022-07-11,casual,False,,,,,,,,,,,,
160,212,FOLLOWS,,,,,,2023-09-13,close_friend,False,,,,,,,,,,,,
431,979,FOLLOWS,,,,,,2022-08-25,casual,False,,,,,,,,,,,,
773,1877,FOLLOWS,,,,,,2021-07-13,casual,False,,,,,,,,,,,,
1814,2485,FOLLOWS,,,,,,2020-12-02,casual,True,,,,,,,,,,,,
1463,2802,FOLLOWS,,,,,,2023-07-27,casual,False,,,,,,,,,,,,
1327,2041,FOLLOWS,,,,,,2021-01-19,casual,True,,,,,,,,,,,,
1376,1079,FOLLOWS,,,,,,2020-12-28,casual,False,,,,,,,,,,,,
2806,2557,FOLLOWS,,,,,,2020-01-17,casual,True,,,,,,,,,,,,
1370,1385,FOLLOWS,,,,,,2023-05-26,close_friend,False,,,,,,,,,,,,
427,1617,FOLLOWS,,,,,,2021-08-11,close_friend,True,,,,,,,,,,,,
2658,1133,FOLLOWS,,,,,,2022-08-08,casual,False,,,,,,,,,,,,
2996,1144,FOLLOWS,,,,,,2021-07-01,close_friend,True,,,,,,,,,,,,
2416,1073,FOLLOWS,,,,,,2023-07-12,casual,True,,,,,,,,,,,,
1663,2960,FOLLOWS,,,,,,2023-05-05,close_friend,True,,,,,,,,,,,,
980,1217,FOLLOWS,,,,,,2023-08-13,close_friend,True,,,,,,,,,,,,
1617,1413,FOLLOWS,,,,,,2022-12-22,casual,False,,,,,,,,,,,,
1950,1702,FOLLOWS,,,,,,2023-10-23,casual,True,,,,,,,,,,,,
1280,1274,FOLLOWS,,,,,,2021-11-18,close_friend,False,,,,,,,,,,,,
1254,1595,FOLLOWS,,,,,,2020-12-28,casual,False,,,,,,,,,,,,
2101,2533,FOLLOWS,,,,,,2021-05-22,close_friend,False,,,,,,,,,,,,
52,143,FOLLOWS,,,,,,2022-05-10,close_friend,False,,,,,,,,,,,,
985,1064,FOLLOWS,,,,,,2021-02-01,casual,True,,,,,,,,,,,,
1665,1868,FOLLOWS,,,,,,2022-12-30,close_friend,True,,,,,,,,,,,,
1456,1545,FOLLOWS,,,,,,2020-11-20,casual,True,,,,,,,,,,,,
1164,502,FOLLOWS,,,,,,2022-12-18,close_friend,True,,,,,,,,,,,,
2491,2083,FOLLOWS,,,,,,2022-05-30,close_friend,True,,,,,,,,,,,,
519,270,FOLLOWS,,,,,,2022-03-24,casual,True,,,,,,,,,,,,
527,2110,FOLLOWS,,,,,,2023-04-06,casual,False,,,,,,,,,,,,
2421,490,FOLLOWS,,,,,,2023-06-14,casual,True,,,,,,,,,,,,
230,1387,FOLLOWS,,,,,,2022-01-23,casual,False,,,,,,,,,,,,
957,978,FOLLOWS,,,,,,2020-04-14,close_friend,False,,,,,,,,,,,,
91,677,FOLLOWS,,,,,,2020-09-26,close_friend,True,,,,,,,,,,,,
1151,185,FOLLOWS,,,,,,2021-09-10,casual,False,,,,,,,,,,,,
2673,2772,FOLLOWS,,,,,,2021-10-21,casual,True,,,,,,,,,,,,
1251,485,FOLLOWS,,,,,,2022-12-23,close_friend,True,,,,,,,,,,,,
1346,695,FOLLOWS,,,,,,2023-04-20,close_friend,False,,,,,,,,,,,,
1058,1655,FOLLOWS,,,,,,2021-07-18,casual,True,,,,,,,,,,,,
1812,2399,FOLLOWS,,,,,,2022-11-24,close_friend,True,,,,,,,,,,,,
763,1927,FOLLOWS,,,,,,2023-01-06,close_friend,True,,,,,,,,,,,,
155,2512,FOLLOWS,,,,,,2023-01-06,casual,True,,,,,,,,,,,,
1803,247,FOLLOWS,,,,,,2022-11-16,casual,False,,,,,,,,,,,,
64,2307,FOLLOWS,,,,,,2020-07-08,close_friend,True,,,,,,,,,,,,
1034,761,FOLLOWS,,,,,,2023-08-01,close_friend,False,,,,,,,,,,,,
2762,1,FOLLOWS,,,,,,2020-06-02,casual,False,,,,,,,,,,,,
2068,219,FOLLOWS,,,,,,2021-04-21,casual,False,,,,,,,,,,,,
2448,1114,FOLLOWS,,,,,,2023-01-12,casual,True,,,,,,,,,,,,
103,2161,FOLLOWS,,,,,,2023-12-23,close_friend,False,,,,,,,,,,,,
753,914,FOLLOWS,,,,,,2021-10-29,casual,True,,,,,,,,,,,,
521,926,FOLLOWS,,,,,,2020-01-11,casual,False,,,,,,,,,,,,
872,1150,FOLLOWS,,,,,,2020-11-10,casual,False,,,,,,,,,,,,
353,2688,FOLLOWS,,,,,,2020-11-12,close_friend,True,,,,,,,,,,,,
1121,78,FOLLOWS,,,,,,2022-02-08,close_friend,False,,,,,,,,,,,,
1300,1851,FOLLOWS,,,,,,2022-10-23,casual,False,,,,,,,,,,,,
386,279,FOLLOWS,,,,,,2022-02-01,close_friend,False,,,,,,,,,,,,
2422,1756,FOLLOWS,,,,,,2021-01-29,casual,True,,,,,,,,,,,,
471,292,BLOCKED,,,2023-02-01 02:05:55,,,,,,spam,True,,,,,,,,,,
520,1404,BLOCKED,,,2022-03-26 00:19:33,,,,,,not_interested,True,,,,,,,,,,
2022,1905,BLOCKED,,,2020-12-12 08:41:29,,,,,,spam,False,,,,,,,,,,
2446,785,BLOCKED,,,2023-05-02 00:21:38,,,,,,not_interested,False,,,,,,,,,,
2452,1259,BLOCKED,,,2020-09-26 07:53:32,,,,,,offensive,False,,,,,,,,,,
459,956,BLOCKED,,,2020-02-25 08:50:21,,,,,,spam,False,,,,,,,,,,
2809,2539,BLOCKED,,,2023-08-08 14:24:31,,,,,,spam,True,,,,,,,,,,
586,1947,BLOCKED,,,2021-09-14 04:06:29,,,,,,offensive,True,,,,,,,,,,
1970,2271,BLOCKED,,,2021-05-07 10:36:45,,,,,,offensive,False,,,,,,,,,,
699,1823,BLOCKED,,,2023-03-26 08:25:20,,,,,,offensive,True,,,,,,,,,,
478,308,BLOCKED,,,2022-04-19 13:51:31,,,,,,not_interested,True,,,,,,,,,,
2426,2596,BLOCKED,,,2021-04-26 12:47:51,,,,,,not_interested,False,,,,,,,,,,
2524,1990,BLOCKED,,,2021-01-28 23:16:38,,,,,,not_interested,True,,,,,,,,,,
492,2934,BLOCKED,,,2020-03-24 06:51:02,,,,,,not_interested,False,,,,,,,,,,
1724,1920,BLOCKED,,,2023-04-11 10:35:19,,,,,,offensive,True,,,,,,,,,,
1618,2715,BLOCKED,,,2022-07-24 07:42:22,,,,,,not_interested,False,,,,,,,,,,
2819,2195,BLOCKED,,,2020-07-05 21:19:44,,,,,,spam,False,,,,,,,,,,
428,678,BLOCKED,,,2023-07-13 18:14:45,,,,,,offensive,True,,,,,,,,,,
1439,492,BLOCKED,,,2022-08-31 03:45:22,,,,,,offensive,True,,,,,,,,,,
74,1661,BLOCKED,,,2023-05-01 19:47:53,,,,,,offensive,False,,,,,,,,,,
2502,1622,BLOCKED,,,2020-08-31 04:11:35,,,,,,spam,False,,,,,,,,,,
2101,2011,BLOCKED,,,2020-08-09 12:06:41,,,,,,not_interested,True,,,,,,,,,,
2842,1521,BLOCKED,,,2020-06-14 04:17:25,,,,,,spam,True,,,,,,,,,,
343,548,BLOCKED,,,2022-03-21 05:46:53,,,,,,not_interested,False,,,,,,,,,,
2157,1633,BLOCKED,,,2022-02-11 09:28:13,,,,,,offensive,False,,,,,,,,,,
1041,2864,BLOCKED,,,2022-04-18 20:18:20,,,,,,not_interested,True,,,,,,,,,,
2556,2283,BLOCKED,,,2023-08-16 03:34:23,,,,,,not_interested,True,,,,,,,,,,
2577,881,BLOCKED,,,2022-08-09 23:30:52,,,,,,not_interested,True,,,,,,,,,,
75,2235,BLOCKED,,,2022-10-29 00:11:51,,,,,,offensive,True,,,,,,,,,,
1883,2137,BLOCKED,,,2022-04-24 16:38:01,,,,,,not_interested,True,,,,,,,,,,
2686,1744,BLOCKED,,,2023-10-15 14:20:35,,,,,,not_interested,False,,,,,,,,,,
571,199,BLOCKED,,,2022-06-03 19:16:01,,,,,,not_interested,True,,,,,,,,,,
2455,918,BLOCKED,,,2020-06-25 16:06:01,,,,,,spam,False,,,,,,,,,,
2447,577,BLOCKED,,,2023-01-19 07:01:32,,,,,,spam,False,,,,,,,,,,
315,2533,BLOCKED,,,2020-08-02 06:34:34,,,,,,offensive,False,,,,,,,,,,
60,1657,BLOCKED,,,2022-02-05 20:34:53,,,,,,offensive,True,,,,,,,,,,
2001,2233,BLOCKED,,,2022-05-15 19:36:23,,,,,,offensive,False,,,,,,,,,,
526,827,BLOCKED,,,2023-10-16 02:35:12,,,,,,not_interested,True,,,,,,,,,,
297,1750,BLOCKED,,,2023-02-18 13:13:32,,,,,,not_interested,True,,,,,,,,,,
59,218,BLOCKED,,,2022-09-26 09:01:49,,,,,,not_interested,True,,,,,,,,,,
1329,2889,BLOCKED,,,2021-08-28 22:07:05,,,,,,offensive,False,,,,,,,,,,
1949,559,BLOCKED,,,2021-09-15 23:33:12,,,,,,spam,True,,,,,,,,,,
1003,1330,BLOCKED,,,2020-04-11 15:46:50,,,,,,offensive,False,,,,,,,,,,
1319,143,BLOCKED,,,2022-05-14 05:17:26,,,,,,spam,False,,,,,,,,,,
662,2801,BLOCKED,,,2021-05-30 22:46:23,,,,,,not_interested,False,,,,,,,,,,
1539,2229,BLOCKED,,,2020-01-25 12:20:55,,,,,,offensive,False,,,,,,,,,,
2536,2675,BLOCKED,,,2021-10-05 16:27:00,,,,,,offensive,True,,,,,,,,,,
2804,1799,BLOCKED,,,2023-07-06 13:10:57,,,,,,spam,False,,,,,,,,,,
1061,2180,BLOCKED,,,2022-10-10 08:44:03,,,,,,offensive,True,,,,,,,,,,
1237,1269,BLOCKED,,,2020-01-20 09:30:28,,,,,,offensive,False,,,,,,,,,,
1161,1432,BLOCKED,,,2021-09-13 16:41:46,,,,,,spam,False,,,,,,,,,,
1779,2701,BLOCKED,,,2022-09-07 00:57:59,,,,,,not_interested,True,,,,,,,,,,
262,2234,BLOCKED,,,2021-11-08 23:19:15,,,,,,not_interested,False,,,,,,,,,,
2754,563,BLOCKED,,,2022-06-14 06:43:26,,,,,,offensive,True,,,,,,,,,,
1098,501,BLOCKED,,,2021-08-09 05:38:45,,,,,,spam,False,,,,,,,,,,
28,1810,BLOCKED,,,2020-06-10 01:36:27,,,,,,offensive,True,,,,,,,,,,
2073,330,BLOCKED,,,2020-10-08 12:07:20,,,,,,spam,True,,,,,,,,,,
58,2769,BLOCKED,,,2022-09-19 04:56:18,,,,,,spam,True,,,,,,,,,,
1005,826,BLOCKED,,,2021-01-09 18:44:13,,,,,,spam,False,,,,,,,,,,
399,435,BLOCKED,,,2021-10-18 01:06:54,,,,,,offensive,False,,,,,,,,,,
401,86,BLOCKED,,,2020-05-16 03:45:31,,,,,,offensive,False,,,,,,,,,,
1625,1094,BLOCKED,,,2021-07-05 05:50:47,,,,,,offensive,False,,,,,,,,,,
876,670,BLOCKED,,,2021-09-29 14:40:33,,,,,,spam,False,,,,,,,,,,
2720,1944,BLOCKED,,,2022-08-27 11:21:51,,,,,,not_interested,True,,,,,,,,,,
1356,2340,BLOCKED,,,2023-12-20 21:36:01,,,,,,offensive,False,,,,,,,,,,
2944,555,BLOCKED,,,2020-03-08 09:50:22,,,,,,not_interested,False,,,,,,,,,,
230,785,BLOCKED,,,2021-12-04 09:31:08,,,,,,offensive,True,,,,,,,,,,
1567,2344,BLOCKED,,,2020-09-22 22:25:16,,,,,,not_interested,True,,,,,,,,,,
691,2210,BLOCKED,,,2021-07-24 06:13:14,,,,,,not_interested,True,,,,,,,,,,
385,742,BLOCKED,,,2020-06-27 23:50:55,,,,,,not_interested,True,,,,,,,,,,
1993,413,BLOCKED,,,2022-01-15 02:42:01,,,,,,offensive,True,,,,,,,,,,
2248,2392,BLOCKED,,,2022-05-18 14:54:12,,,,,,not_interested,True,,,,,,,,,,
2055,763,BLOCKED,,,2022-11-02 01:03:34,,,,,,spam,False,,,,,,,,,,
241,1020,BLOCKED,,,2023-01-18 16:46:46,,,,,,not_interested,False,,,,,,,,,,
2340,2826,BLOCKED,,,2022-11-21 09:25:59,,,,,,offensive,False,,,,,,,,,,
2953,1976,BLOCKED,,,2021-06-19 10:02:13,,,,,,not_interested,False,,,,,,,,,,
818,2046,BLOCKED,,,2021-11-03 18:13:29,,,,,,not_interested,True,,,,,,,,,,
1948,1084,BLOCKED,,,2022-08-16 12:06:41,,,,,,offensive,True,,,,,,,,,,
1589,2904,BLOCKED,,,2020-10-21 18:40:08,,,,,,not_interested,False,,,,,,,,,,
413,2653,BLOCKED,,,2022-05-04 06:55:07,,,,,,offensive,True,,,,,,,,,,
1018,603,BLOCKED,,,2022-12-25 00:19:19,,,,,,offensive,True,,,,,,,,,,
342,852,BLOCKED,,,2020-09-21 00:52:28,,,,,,offensive,True,,,,,,,,,,
2674,2964,BLOCKED,,,2022-12-18 09:28:04,,,,,,spam,True,,,,,,,,,,
994,2479,BLOCKED,,,2023-05-05 20:23:14,,,,,,spam,True,,,,,,,,,,
1975,1564,BLOCKED,,,2023-10-14 10:29:17,,,,,,not_interested,True,,,,,,,,,,
1440,1926,BLOCKED,,,2020-11-08 00:34:46,,,,,,offensive,True,,,,,,,,,,
786,2201,BLOCKED,,,2021-05-29 07:13:07,,,,,,offensive,False,,,,,,,,,,
572,2482,BLOCKED,,,2023-02-03 18:09:29,,,,,,not_interested,False,,,,,,,,,,
278,1745,BLOCKED,,,2022-07-09 02:24:18,,,,,,not_interested,False,,,,,,,,,,
172,397,BLOCKED,,,2021-01-16 08:51:17,,,,,,spam,True,,,,,,,,,,
1244,1958,BLOCKED,,,2021-03-05 05:42:25,,,,,,not_interested,True,,,,,,,,,,
2494,2158,BLOCKED,,,2023-03-23 15:32:29,,,,,,spam,False,,,,,,,,,,
1371,839,BLOCKED,,,2021-12-01 07:40:27,,,,,,not_interested,False,,,,,,,,,,
692,2505,BLOCKED,,,2021-07-22 00:50:54,,,,,,offensive,False,,,,,,,,,,
1650,2544,BLOCKED,,,2020-04-29 01:03:05,,,,,,offensive,False,,,,,,,,,,
2476,2215,BLOCKED,,,2021-07-23 22:48:45,,,,,,offensive,False,,,,,,,,,,
1701,1518,BLOCKED,,,2022-09-21 20:57:58,,,,,,offensive,True,,,,,,,,,,
317,1028,BLOCKED,,,2021-08-04 00:47:21,,,,,,not_interested,True,,,,,,,,,,
483,697,BLOCKED,,,2020-12-14 02:16:17,,,,,,not_interested,True,,,,,,,,,,
886,1423,BLOCKED,,,2021-03-12 18:39:36,,,,,,offensive,True,,,,,,,,,,
1948,4445,LIKES,,web,,Chrome,2020-10-08 23:47:41,,,,,,,,,,,,,,,
1641,4385,LIKES,,web,,Safari,2023-08-24 09:03:20,,,,,,,,,,,,,,,
405,4073,LIKES,,web,,Safari,2021-10-21 12:01:29,,,,,,,,,,,,,,,
2382,4241,LIKES,,web,,Chrome,2023-11-08 01:49:31,,,,,,,,,,,,,,,
961,4568,LIKES,,web,,Safari,2022-05-06 14:16:15,,,,,,,,,,,,,,,
222,4516,LIKES,,mobile,,Safari,2021-07-31 00:10:12,,,,,,,,,,,,,,,
76,4621,LIKES,,mobile,,Safari,2023-01-24 02:19:46,,,,,,,,,,,,,,,
890,4350,LIKES,,web,,Chrome,2023-07-03 11:11:02,,,,,,,,,,,,,,,
2481,4156,LIKES,,web,,Safari,2021-06-30 08:06:06,,,,,,,,,,,,,,,
2097,4498,LIKES,,mobile,,Chrome,2022-05-06 14:03:00,,,,,,,,,,,,,,,
1267,4011,LIKES,,mobile,,Safari,2023-01-15 08:14:07,,,,,,,,,,,,,,,
2522,4079,LIKES,,mobile,,Chrome,2020-10-18 17:58:04,,,,,,,,,,,,,,,
1162,4401,LIKES,,mobile,,Safari,2023-10-22 15:09:59,,,,,,,,,,,,,,,
2328,4259,LIKES,,web,,Safari,2022-10-24 07:46:07,,,,,,,,,,,,,,,
1610,4099,LIKES,,mobile,,Chrome,2023-06-05 09:32:50,,,,,,,,,,,,,,,
2636,4022,LIKES,,mobile,,Chrome,2021-05-01 04:21:40,,,,,,,,,,,,,,,
1005,4082,LIKES,,mobile,,Safari,2021-01-14 03:59:30,,,,,,,,,,,,,,,
1246,4678,LIKES,,web,,Chrome,2022-08-02 02:03:21,,,,,,,,,,,,,,,
414,4621,LIKES,,web,,Chrome,2023-03-21 02:26:54,,,,,,,,,,,,,,,
2024,4316,LIKES,,mobile,,Chrome,2020-05-06 04:21:52,,,,,,,,,,,,,,,
201,4105,LIKES,,web,,Chrome,2021-06-05 14:52:31,,,,,,,,,,,,,,,
511,4205,LIKES,,mobile,,Chrome,2023-08-11 08:45:38,,,,,,,,,,,,,,,
2099,4182,LIKES,,mobile,,Chrome,2021-02-13 05:14:39,,,,,,,,,,,,,,,
2502,4234,LIKES,,web,,Safari,2021-06-21 17:47:06,,,,,,,,,,,,,,,
1014,4226,LIKES,,web,,Safari,2021-08-14 07:17:17,,,,,,,,,,,,,,,
1408,4227,LIKES,,web,,Chrome,2021-04-08 09:33:56,,,,,,,,,,,,,,,
547,4543,LIKES,,web,,Chrome,2023-01-15 03:09:41,,,,,,,,,,,,,,,
1344,4363,LIKES,,mobile,,Chrome,2023-12-04 13:24:06,,,,,,,,,,,,,,,
2553,4009,LIKES,,web,,Chrome,2022-08-31 16:55:29,,,,,,,,,,,,,,,
1462,4519,LIKES,,mobile,,Safari,2023-06-19 06:59:26,,,,,,,,,,,,,,,
1624,4185,LIKES,,web,,Safari,2023-03-15 17:39:23,,,,,,,,,,,,,,,
2826,4253,LIKES,,mobile,,Safari,2022-10-03 06:46:47,,,,,,,,,,,,,,,
1670,4282,LIKES,,mobile,,Chrome,2020-09-02 05:58:53,,,,,,,,,,,,,,,
798,4271,LIKES,,web,,Chrome,2022-12-30 21:41:23,,,,,,,,,,,,,,,
2294,4208,LIKES,,web,,Safari,2023-11-05 04:36:47,,,,,,,,,,,,,,,
192,4592,LIKES,,mobile,,Safari,2021-11-06 08:40:56,,,,,,,,,,,,,,,
1280,4586,LIKES,,web,,Safari,2021-06-21 18:09:39,,,,,,,,,,,,,,,
1711,4310,LIKES,,mobile,,Safari,2021-03-20 08:48:09,,,,,,,,,,,,,,,
584,4167,LIKES,,web,,Safari,2022-03-07 14:50:46,,,,,,,,,,,,,,,
1703,4303,LIKES,,mobile,,Safari,2021-01-05 11:31:04,,,,,,,,,,,,,,,
2589,4699,LIKES,,web,,Safari,2022-12-30 15:25:44,,,,,,,,,,,,,,,
851,4515,LIKES,,web,,Chrome,2021-04-08 18:06:34,,,,,,,,,,,,,,,
1866,4236,LIKES,,web,,Chrome,2022-10-26 09:35:25,,,,,,,,,,,,,,,
829,4014,LIKES,,web,,Chrome,2023-04-02 05:23:43,,,,,,,,,,,,,,,
2381,4087,LIKES,,mobile,,Safari,2023-03-08 01:06:53,,,,,,,,,,,,,,,
2083,4551,LIKES,,web,,Chrome,2022-06-28 02:20:08,,,,,,,,,,,,,,,
2092,4286,LIKES,,mobile,,Safari,2020-10-19 00:49:53,,,,,,,,,,,,,,,
1875,4532,LIKES,,mobile,,Safari,2022-08-07 16:07:56,,,,,,,,,,,,,,,
715,4178,LIKES,,mobile,,Chrome,2023-11-16 06:24:51,,,,,,,,,,,,,,,
295,4091,LIKES,,web,,Chrome,2023-05-20 08:26:39,,,,,,,,,,,,,,,
506,4636,LIKES,,web,,Safari,2021-07-16 05:15:23,,,,,,,,,,,,,,,
438,4625,LIKES,,mobile,,Chrome,2023-08-30 06:23:04,,,,,,,,,,,,,,,
985,4013,LIKES,,web,,Chrome,2022-03-25 21:42:09,,,,,,,,,,,,,,,
2735,4014,LIKES,,web,,Safari,2022-09-24 19:00:14,,,,,,,,,,,,,,,
1867,4686,LIKES,,web,,Safari,2023-12-04 10:54:03,,,,,,,,,,,,,,,
1541,4469,LIKES,,mobile,,Safari,2022-12-10 12:34:37,,,,,,,,,,,,,,,
2465,4075,LIKES,,mobile,,Safari,2021-10-03 02:15:03,,,,,,,,,,,,,,,
1442,4078,LIKES,,mobile,,Chrome,2022-07-23 22:33:32,,,,,,,,,,,,,,,
1118,4146,LIKES,,mobile,,Safari,2022-12-04 07:50:23,,,,,,,,,,,,,,,
1066,4430,LIKES,,web,,Safari,2021-09-23 12:13:33,,,,,,,,,,,,,,,
2590,4006,LIKES,,web,,Chrome,2021-09-02 21:20:19,,,,,,,,,,,,,,,
2045,4190,LIKES,,mobile,,Chrome,2022-04-29 13:20:21,,,,,,,,,,,,,,,
913,4263,LIKES,,mobile,,Chrome,2022-08-10 04:47:14,,,,,,,,,,,,,,,
2357,4384,LIKES,,mobile,,Safari,2020-03-03 22:15:57,,,,,,,,,,,,,,,
2270,4654,LIKES,,mobile,,Safari,2021-07-23 18:02:02,,,,,,,,,,,,,,,
1599,4044,LIKES,,mobile,,Safari,2022-06-21 11:23:40,,,,,,,,,,,,,,,
849,4544,LIKES,,web,,Safari,2021-08-18 02:04:20,,,,,,,,,,,,,,,
1552,4113,LIKES,,web,,Safari,2021-11-30 16:35:16,,,,,,,,,,,,,,,
1895,4517,LIKES,,web,,Safari,2021-02-11 12:15:52,,,,,,,,,,,,,,,
323,4667,LIKES,,web,,Chrome,2023-01-25 08:36:00,,,,,,,,,,,,,,,
448,4689,LIKES,,mobile,,Chrome,2022-12-08 18:20:44,,,,,,,,,,,,,,,
2388,4593,LIKES,,web,,Safari,2021-11-22 13:41:29,,,,,,,,,,,,,,,
2990,4181,LIKES,,mobile,,Chrome,2021-12-20 07:14:31,,,,,,,,,,,,,,,
2497,4498,LIKES,,web,,Safari,2022-09-03 09:32:15,,,,,,,,,,,,,,,
12,4338,LIKES,,mobile,,Safari,2021-06-03 22:33:14,,,,,,,,,,,,,,,
731,4149,LIKES,,web,,Safari,2020-08-14 01:19:39,,,,,,,,,,,,,,,
2841,4393,LIKES,,web,,Safari,2020-05-29 18:05:41,,,,,,,,,,,,,,,
2944,4624,LIKES,,web,,Safari,2020-12-27 06:36:10,,,,,,,,,,,,,,,
2629,4512,LIKES,,mobile,,Chrome,2022-08-01 23:05:41,,,,,,,,,,,,,,,
1530,4524,LIKES,,mobile,,Safari,2020-12-13 01:43:31,,,,,,,,,,,,,,,
1901,4587,LIKES,,mobile,,Chrome,2021-10-13 03:28:23,,,,,,,,,,,,,,,
2028,4268,LIKES,,mobile,,Chrome,2021-07-28 01:57:16,,,,,,,,,,,,,,,
2419,4379,LIKES,,web,,Safari,2022-11-01 11:21:31,,,,,,,,,,,,,,,
923,4207,LIKES,,mobile,,Chrome,2020-02-03 12:42:00,,,,,,,,,,,,,,,
979,4476,LIKES,,web,,Safari,2020-07-01 13:18:32,,,,,,,,,,,,,,,
43,4193,LIKES,,web,,Chrome,2021-01-29 09:11:31,,,,,,,,,,,,,,,
310,4293,LIKES,,mobile,,Chrome,2020-05-26 11:11:06,,,,,,,,,,,,,,,
130,4213,LIKES,,mobile,,Chrome,2023-08-26 22:38:25,,,,,,,,,,,,,,,
1236,4538,LIKES,,mobile,,Chrome,2021-08-27 06:46:26,,,,,,,,,,,,,,,
2880,4437,LIKES,,mobile,,Chrome,2022-05-20 11:07:20,,,,,,,,,,,,,,,
1047,4377,LIKES,,mobile,,Safari,2020-12-14 00:56:52,,,,,,,,,,,,,,,
2353,4626,LIKES,,web,,Chrome,2020-11-10 16:02:24,,,,,,,,,,,,,,,
335,4022,LIKES,,mobile,,Chrome,2020-07-15 06:32:13,,,,,,,,,,,,,,,
811,4206,LIKES,,web,,Safari,2021-07-21 15:55:35,,,,,,,,,,,,,,,
2501,4423,LIKES,,web,,Safari,2020-05-24 21:52:41,,,,,,,,,,,,,,,
2462,4217,LIKES,,web,,Chrome,2023-06-24 13:59:49,,,,,,,,,,,,,,,
1222,4085,LIKES,,web,,Chrome,2021-04-06 00:41:05,,,,,,,,,,,,,,,
790,4694,LIKES,,web,,Chrome,2021-08-27 04:49:04,,,,,,,,,,,,,,,
1842,4226,LIKES,,mobile,,Safari,2022-06-24 18:45:13,,,,,,,,,,,,,,,
456,4565,LIKES,,mobile,,Chrome,2023-04-11 06:40:23,,,,,,,,,,,,,,,
1028,4191,DISLIKES,,web,,Safari,2020-01-19 17:06:15,,,,,,,,,,,,,,,
2371,4572,DISLIKES,,web,,Chrome,2020-05-27 19:00:22,,,,,,,,,,,,,,,
476,4025,DISLIKES,,mobile,,Chrome,2023-05-01 16:25:09,,,,,,,,,,,,,,,
2214,4299,DISLIKES,,mobile,,Chrome,2021-12-21 19:10:22,,,,,,,,,,,,,,,
2027,4366,DISLIKES,,web,,Safari,2022-12-21 00:28:54,,,,,,,,,,,,,,,
29,4524,DISLIKES,,web,,Chrome,2020-02-20 03:32:35,,,,,,,,,,,,,,,
1141,4490,DISLIKES,,mobile,,Safari,2023-07-13 13:07:45,,,,,,,,,,,,,,,
2250,4130,DISLIKES,,mobile,,Chrome,2021-01-19 13:09:47,,,,,,,,,,,,,,,
1346,4468,DISLIKES,,mobile,,Chrome,2023-11-14 00:24:09,,,,,,,,,,,,,,,
253,4357,DISLIKES,,web,,Chrome,2022-01-22 22:16:14,,,,,,,,,,,,,,,
1449,4603,DISLIKES,,web,,Safari,2021-10-09 12:50:56,,,,,,,,,,,,,,,
1289,4653,DISLIKES,,mobile,,Chrome,2020-09-12 00:42:28,,,,,,,,,,,,,,,
615,4293,DISLIKES,,web,,Chrome,2023-09-17 09:51:35,,,,,,,,,,,,,,,
122,4359,DISLIKES,,web,,Chrome,2020-03-11 04:04:31,,,,,,,,,,,,,,,
2736,4250,DISLIKES,,web,,Safari,2022-05-15 13:16:20,,,,,,,,,,,,,,,
2977,4625,DISLIKES,,mobile,,Chrome,2022-05-02 12:55:27,,,,,,,,,,,,,,,
2844,4040,DISLIKES,,web,,Chrome,2022-06-27 02:41:10,,,,,,,,,,,,,,,
2047,4011,DISLIKES,,mobile,,Safari,2022-05-28 18:57:19,,,,,,,,,,,,,,,
1603,4536,DISLIKES,,web,,Safari,2020-01-31 01:40:32,,,,,,,,,,,,,,,
2969,4665,DISLIKES,,web,,Safari,2023-08-16 21:13:41,,,,,,,,,,,,,,,
455,4234,DISLIKES,,mobile,,Safari,2020-08-27 10:23:11,,,,,,,,,,,,,,,
649,4053,DISLIKES,,mobile,,Safari,2020-03-17 15:28:02,,,,,,,,,,,,,,,
2402,4658,DISLIKES,,web,,Chrome,2021-07-23 05:08:27,,,,,,,,,,,,,,,
669,4583,DISLIKES,,mobile,,Chrome,2020-02-16 00:19:37,,,,,,,,,,,,,,,
299,4526,DISLIKES,,mobile,,Safari,2023-06-28 10:36:39,,,,,,,,,,,,,,,
1813,4637,DISLIKES,,mobile,,Safari,2023-01-05 08:42:49,,,,,,,,,,,,,,,
2,4467,DISLIKES,,mobile,,Safari,2022-10-16 15:25:00,,,,,,,,,,,,,,,
1135,4683,DISLIKES,,web,,Chrome,2020-09-17 02:14:51,,,,,,,,,,,,,,,
1920,4207,DISLIKES,,web,,Safari,2022-01-09 16:07:37,,,,,,,,,,,,,,,
1767,4604,DISLIKES,,web,,Chrome,2022-08-10 22:48:13,,,,,,,,,,,,,,,
480,4345,DISLIKES,,mobile,,Chrome,2023-05-22 02:46:32,,,,,,,,,,,,,,,
2446,4131,DISLIKES,,web,,Chrome,2022-03-28 09:59:54,,,,,,,,,,,,,,,
554,4360,DISLIKES,,mobile,,Chrome,2022-01-02 03:08:29,,,,,,,,,,,,,,,
590,4106,DISLIKES,,web,,Chrome,2021-10-21 22:55:15,,,,,,,,,,,,,,,
2630,4354,DISLIKES,,mobile,,Chrome,2022-08-03 23:04:30,,,,,,,,,,,,,,,
2477,4618,DISLIKES,,web,,Chrome,2021-07-20 02:12:16,,,,,,,,,,,,,,,
454,4500,DISLIKES,,web,,Chrome,2020-01-21 18:27:29,,,,,,,,,,,,,,,
1225,4095,DISLIKES,,mobile,,Safari,2021-02-01 05:37:28,,,,,,,,,,,,,,,
1616,4470,DISLIKES,,web,,Safari,2023-08-03 02:59:37,,,,,,,,,,,,,,,
2779,4102,DISLIKES,,web,,Chrome,2020-03-14 22:24:05,,,,,,,,,,,,,,,
2114,4214,DISLIKES,,mobile,,Chrome,2023-06-29 11:49:33,,,,,,,,,,,,,,,
2726,4174,DISLIKES,,mobile,,Safari,2023-05-10 15:09:10,,,,,,,,,,,,,,,
833,4303,DISLIKES,,web,,Chrome,2023-10-16 06:06:06,,,,,,,,,,,,,,,
2732,4063,DISLIKES,,web,,Chrome,2021-05-15 23:32:32,,,,,,,,,,,,,,,
2271,4524,DISLIKES,,web,,Chrome,2021-12-11 20:23:58,,,,,,,,,,,,,,,
774,4484,DISLIKES,,web,,Safari,2023-11-22 04:23:35,,,,,,,,,,,,,,,
2808,4290,DISLIKES,,web,,Safari,2023-04-20 02:55:04,,,,,,,,,,,,,,,
2621,4455,DISLIKES,,web,,Chrome,2022-08-08 13:19:14,,,,,,,,,,,,,,,
489,4492,DISLIKES,,web,,Safari,2020-05-02 16:07:06,,,,,,,,,,,,,,,
1654,4103,DISLIKES,,web,,Chrome,2021-11-14 18:26:01,,,,,,,,,,,,,,,
1272,4571,DISLIKES,,mobile,,Safari,2023-07-22 03:37:51,,,,,,,,,,,,,,,
2619,4516,DISLIKES,,web,,Safari,2023-01-11 19:09:57,,,,,,,,,,,,,,,
1085,4444,DISLIKES,,mobile,,Chrome,2020-01-28 14:03:35,,,,,,,,,,,,,,,
1797,4559,DISLIKES,,mobile,,Safari,2020-05-11 16:00:49,,,,,,,,,,,,,,,
206,4400,DISLIKES,,mobile,,Safari,2021-07-05 16:06:56,,,,,,,,,,,,,,,
306,4208,DISLIKES,,web,,Safari,2023-08-29 22:38:26,,,,,,,,,,,,,,,
915,4116,DISLIKES,,mobile,,Chrome,2023-08-02 04:18:26,,,,,,,,,,,,,,,
275,4699,DISLIKES,,mobile,,Safari,2022-01-20 20:59:33,,,,,,,,,,,,,,,
2756,4602,DISLIKES,,mobile,,Chrome,2021-10-03 08:44:51,,,,,,,,,,,,,,,
1021,4307,DISLIKES,,web,,Safari,2022-09-25 13:13:22,,,,,,,,,,,,,,,
2709,4463,DISLIKES,,web,,Chrome,2020-03-31 00:01:31,,,,,,,,,,,,,,,
2645,4119,DISLIKES,,web,,Safari,2023-12-03 23:26:42,,,,,,,,,,,,,,,
1396,4694,DISLIKES,,web,,Safari,2023-03-29 08:19:28,,,,,,,,,,,,,,,
143,4184,DISLIKES,,mobile,,Safari,2022-03-13 12:55:01,,,,,,,,,,,,,,,
350,4640,DISLIKES,,web,,Safari,2022-02-16 22:51:29,,,,,,,,,,,,,,,
2745,4380,DISLIKES,,web,,Safari,2023-05-30 01:42:25,,,,,,,,,,,,,,,
1473,4290,DISLIKES,,mobile,,Safari,2020-07-03 16:52:24,,,,,,,,,,,,,,,
2509,4117,DISLIKES,,web,,Chrome,2021-10-16 11:05:20,,,,,,,,,,,,,,,
2487,4586,DISLIKES,,web,,Safari,2020-11-19 17:54:31,,,,,,,,,,,,,,,
2773,4137,DISLIKES,,web,,Safari,2023-11-29 07:23:14,,,,,,,,,,,,,,,
846,4017,DISLIKES,,web,,Safari,2023-12-24 12:02:15,,,,,,,,,,,,,,,
113,4417,DISLIKES,,mobile,,Safari,2022-01-03 19:43:56,,,,,,,,,,,,,,,
2364,4234,DISLIKES,,web,,Safari,2022-01-18 00:15:48,,,,,,,,,,,,,,,
1367,4423,DISLIKES,,mobile,,Chrome,2023-11-07 16:44:18,,,,,,,,,,,,,,,
2000,4430,DISLIKES,,web,,Safari,2023-06-10 10:42:05,,,,,,,,,,,,,,,
2837,4013,DISLIKES,,web,,Safari,2022-11-25 20:49:23,,,,,,,,,,,,,,,
941,4276,DISLIKES,,web,,Chrome,2020-11-14 07:53:17,,,,,,,,,,,,,,,
83,4533,DISLIKES,,web,,Safari,2022-05-23 01:54:09,,,,,,,,,,,,,,,
2540,4427,DISLIKES,,mobile,,Safari,2020-01-30 20:01:16,,,,,,,,,,,,,,,
2315,4521,DISLIKES,,web,,Safari,2020-03-01 07:03:50,,,,,,,,,,,,,,,
1756,4369,DISLIKES,,web,,Chrome,2021-09-12 04:06:14,,,,,,,,,,,,,,,
1440,4226,DISLIKES,,mobile,,Chrome,2022-09-11 11:26:54,,,,,,,,,,,,,,,
716,4255,DISLIKES,,web,,Safari,2022-11-06 12:42:29,,,,,,,,,,,,,,,
1776,4356,DISLIKES,,mobile,,Safari,2020-03-11 20:42:21,,,,,,,,,,,,,,,
1809,4610,DISLIKES,,web,,Safari,2023-12-01 05:10:37,,,,,,,,,,,,,,,
15,4223,DISLIKES,,web,,Chrome,2022-10-11 13:52:52,,,,,,,,,,,,,,,
1384,4009,DISLIKES,,mobile,,Safari,2023-06-22 13:28:26,,,,,,,,,,,,,,,
2261,4347,DISLIKES,,mobile,,Safari,2020-04-04 13:03:48,,,,,,,,,,,,,,,
1963,4650,DISLIKES,,web,,Safari,2020-05-11 06:44:34,,,,,,,,,,,,,,,
408,4101,DISLIKES,,mobile,,Chrome,2023-04-18 22:06:24,,,,,,,,,,,,,,,
1370,4306,DISLIKES,,web,,Chrome,2023-06-23 15:40:31,,,,,,,,,,,,,,,
2846,4281,DISLIKES,,web,,Safari,2021-10-13 18:15:04,,,,,,,,,,,,,,,
2901,4092,DISLIKES,,mobile,,Chrome,2021-03-22 10:31:44,,,,,,,,,,,,,,,
2319,4543,DISLIKES,,mobile,,Chrome,2023-02-21 03:25:48,,,,,,,,,,,,,,,
2315,4226,DISLIKES,,web,,Safari,2020-01-30 04:37:50,,,,,,,,,,,,,,,
2158,4531,DISLIKES,,web,,Chrome,2021-05-06 11:20:45,,,,,,,,,,,,,,,
1906,4043,DISLIKES,,mobile,,Safari,2023-07-02 05:28:56,,,,,,,,,,,,,,,
1299,4679,DISLIKES,,web,,Safari,2023-07-06 03:17:42,,,,,,,,,,,,,,,
2778,4260,DISLIKES,,mobile,,Safari,2023-03-26 20:18:49,,,,,,,,,,,,,,,
1632,4446,DISLIKES,,web,,Chrome,2021-09-18 10:01:42,,,,,,,,,,,,,,,
112,4251,WROTE,,,2023-11-21 20:17:27,,,,,,,,English,True,,,,,,,,
2326,4494,WROTE,,,2021-10-26 20:42:41,,,,,,,,English,True,,,,,,,,
2174,4006,WROTE,,,2022-07-12 02:11:42,,,,,,,,English,False,,,,,,,,
2760,4423,WROTE,,,2021-07-06 13:13:11,,,,,,,,French,False,,,,,,,,
612,4410,WROTE,,,2021-02-02 00:46:20,,,,,,,,French,True,,,,,,,,
2584,4639,WROTE,,,2022-03-13 12:11:22,,,,,,,,English,False,,,,,,,,
1840,4165,WROTE,,,2020-09-17 23:46:10,,,,,,,,English,False,,,,,,,,
1421,4528,WROTE,,,2022-06-26 21:17:29,,,,,,,,French,False,,,,,,,,
618,4609,WROTE,,,2022-09-15 06:44:25,,,,,,,,German,True,,,,,,,,
988,4136,WROTE,,,2022-01-30 12:08:44,,,,,,,,English,False,,,,,,,,
1093,4429,WROTE,,,2023-10-18 03:21:37,,,,,,,,German,True,,,,,,,,
394,4160,WROTE,,,2022-09-30 05:52:58,,,,,,,,German,False,,,,,,,,
2660,4002,WROTE,,,2022-11-22 14:59:50,,,,,,,,English,False,,,,,,,,
2083,4140,WROTE,,,2020-12-24 03:12:48,,,,,,,,English,True,,,,,,,,
1367,4293,WROTE,,,2022-01-08 03:22:26,,,,,,,,Spanish,False,,,,,,,,
1528,4266,WROTE,,,2022-10-29 00:16:30,,,,,,,,Spanish,False,,,,,,,,
1918,4126,WROTE,,,2022-12-29 11:14:23,,,,,,,,English,False,,,,,,,,
1323,4643,WROTE,,,2022-12-13 20:39:29,,,,,,,,Spanish,False,,,,,,,,
738,4112,WROTE,,,2023-02-13 06:02:24,,,,,,,,English,False,,,,,,,,
1853,4174,WROTE,,,2021-09-17 08:43:40,,,,,,,,French,False,,,,,,,,
597,4527,WROTE,,,2021-09-01 09:03:33,,,,,,,,Spanish,False,,,,,,,,
11,4220,WROTE,,,2023-05-18 13:39:01,,,,,,,,English,False,,,,,,,,
787,4540,WROTE,,,2021-11-02 04:34:35,,,,,,,,English,True,,,,,,,,
949,4583,WROTE,,,2021-02-17 12:24:05,,,,,,,,Spanish,False,,,,,,,,
670,4529,WROTE,,,2022-10-21 04:38:49,,,,,,,,German,True,,,,,,,,
1395,4050,WROTE,,,2023-10-04 15:22:49,,,,,,,,French,True,,,,,,,,
1308,4585,WROTE,,,2020-02-04 21:23:29,,,,,,,,Spanish,False,,,,,,,,
231,4648,WROTE,,,2023-09-18 18:55:36,,,,,,,,French,True,,,,,,,,
1910,4480,WROTE,,,2023-10-17 03:36:34,,,,,,,,French,True,,,,,,,,
1951,4222,WROTE,,,2022-01-07 10:52:01,,,,,,,,English,False,,,,,,,,
2315,4475,WROTE,,,2021-04-14 21:06:43,,,,,,,,Spanish,False,,,,,,,,
2295,4350,WROTE,,,2021-05-16 08:25:35,,,,,,,,English,False,,,,,,,,
2021,4226,WROTE,,,2020-10-24 14:16:21,,,,,,,,German,False,,,,,,,,
1687,4659,WROTE,,,2020-04-16 06:03:22,,,,,,,,Spanish,True,,,,,,,,
2620,4178,WROTE,,,2020-03-19 18:10:00,,,,,,,,German,False,,,,,,,,
1393,4011,WROTE,,,2022-09-06 15:21:15,,,,,,,,German,False,,,,,,,,
2763,4443,WROTE,,,2021-03-30 15:18:29,,,,,,,,English,False,,,,,,,,
2507,4590,WROTE,,,2020-07-31 23:13:13,,,,,,,,English,True,,,,,,,,
268,4073,WROTE,,,2022-10-28 04:25:59,,,,,,,,Spanish,False,,,,,,,,
1130,4487,WROTE,,,2023-08-20 00:04:51,,,,,,,,French,True,,,,,,,,
2368,4274,WROTE,,,2021-06-20 07:45:48,,,,,,,,English,True,,,,,,,,
555,4266,WROTE,,,2020-01-20 13:39:29,,,,,,,,English,True,,,,,,,,
1895,4587,WROTE,,,2020-12-27 06:54:53,,,,,,,,German,False,,,,,,,,
181,4519,WROTE,,,2023-04-26 23:56:00,,,,,,,,French,True,,,,,,,,
2463,4292,WROTE,,,2020-03-18 09:54:06,,,,,,,,German,True,,,,,,,,
592,4443,WROTE,,,2021-05-21 03:01:31,,,,,,,,Spanish,True,,,,,,,,
261,4517,WROTE,,,2021-03-25 14:21:53,,,,,,,,German,False,,,,,,,,
1459,4230,WROTE,,,2022-02-08 16:55:13,,,,,,,,French,False,,,,,,,,
2708,4577,WROTE,,,2021-10-25 10:03:57,,,,,,,,Spanish,True,,,,,,,,
2878,4264,WROTE,,,2020-08-13 13:02:01,,,,,,,,French,False,,,,,,,,
570,4592,WROTE,,,2021-04-29 20:46:47,,,,,,,,English,True,,,,,,,,
1339,4686,WROTE,,,2020-03-02 06:33:07,,,,,,,,German,True,,,,,,,,
105,4169,WROTE,,,2022-09-28 02:33:31,,,,,,,,German,False,,,,,,,,
1530,4117,WROTE,,,2020-02-28 05:36:33,,,,,,,,French,True,,,,,,,,
955,4070,WROTE,,,2023-03-19 23:44:11,,,,,,,,French,False,,,,,,,,
2975,4287,WROTE,,,2020-03-29 23:32:34,,,,,,,,German,False,,,,,,,,
2247,4195,WROTE,,,2020-12-18 11:09:21,,,,,,,,German,False,,,,,,,,
1692,4047,WROTE,,,2021-11-22 09:58:41,,,,,,,,English,False,,,,,,,,
1164,4538,WROTE,,,2021-02-27 11:23:57,,,,,,,,German,False,,,,,,,,
1253,4479,WROTE,,,2022-07-27 18:54:41,,,,,,,,German,True,,,,,,,,
2036,4085,WROTE,,,2021-09-23 21:02:53,,,,,,,,Spanish,True,,,,,,,,
110,4660,WROTE,,,2023-01-05 02:17:19,,,,,,,,English,True,,,,,,,,
1977,4243,WROTE,,,2022-04-14 02:58:34,,,,,,,,English,False,,,,,,,,
102,4577,WROTE,,,2022-04-30 19:37:29,,,,,,,,English,False,,,,,,,,
353,4084,WROTE,,,2020-11-13 23:41:44,,,,,,,,German,False,,,,,,,,
1954,4573,WROTE,,,2021-12-24 11:19:34,,,,,,,,English,True,,,,,,,,
2302,4508,WROTE,,,2022-07-01 22:04:51,,,,,,,,German,True,,,,,,,,
265,4392,WROTE,,,2023-09-06 00:07:59,,,,,,,,Spanish,True,,,,,,,,
820,4329,WROTE,,,2022-06-20 13:54:46,,,,,,,,German,True,,,,,,,,
2338,4659,WROTE,,,2022-04-29 17:23:11,,,,,,,,French,True,,,,,,,,
2737,4522,WROTE,,,2023-03-22 23:08:42,,,,,,,,English,False,,,,,,,,
2616,4212,WROTE,,,2022-02-13 13:31:27,,,,,,,,Spanish,True,,,,,,,,
1294,4463,WROTE,,,2021-02-27 19:35:16,,,,,,,,Spanish,True,,,,,,,,
328,4268,WROTE,,,2020-11-26 03:45:29,,,,,,,,French,False,,,,,,,,
776,4243,WROTE,,,2022-07-23 01:52:24,,,,,,,,German,False,,,,,,,,
2608,4385,WROTE,,,2022-01-18 05:54:59,,,,,,,,English,True,,,,,,,,
244,4257,WROTE,,,2023-03-24 16:23:36,,,,,,,,French,True,,,,,,,,
2982,4437,WROTE,,,2021-06-21 14:05:37,,,,,,,,German,True,,,,,,,,
2457,4045,WROTE,,,2023-01-17 20:02:17,,,,,,,,Spanish,False,,,,,,,,
2701,4391,WROTE,,,2023-12-18 23:23:13,,,,,,,,French,False,,,,,,,,
864,4144,WROTE,,,2020-04-11 10:34:44,,,,,,,,English,True,,,,,,,,
2162,4007,WROTE,,,2022-05-14 01:26:01,,,,,,,,French,False,,,,,,,,
934,4333,WROTE,,,2020-04-08 05:44:13,,,,,,,,Spanish,True,,,,,,,,
31,4200,WROTE,,,2021-09-27 14:29:42,,,,,,,,German,True,,,,,,,,
73,4099,WROTE,,,2020-10-16 05:49:45,,,,,,,,French,False,,,,,,,,
1297,4680,WROTE,,,2021-12-18 18:17:15,,,,,,,,English,True,,,,,,,,
1931,4314,WROTE,,,2022-10-12 00:48:34,,,,,,,,French,False,,,,,,,,
750,4118,WROTE,,,2020-07-04 03:08:52,,,,,,,,Spanish,False,,,,,,,,
2807,4571,WROTE,,,2020-03-28 18:27:23,,,,,,,,German,True,,,,,,,,
1789,4633,WROTE,,,2022-02-01 11:16:14,,,,,,,,German,False,,,,,,,,
1397,4033,WROTE,,,2020-12-31 18:20:39,,,,,,,,German,False,,,,,,,,
1037,4474,WROTE,,,2022-08-13 15:55:07,,,,,,,,German,False,,,,,,,,
1951,4084,WROTE,,,2023-12-01 10:18:11,,,,,,,,English,True,,,,,,,,
2452,4615,WROTE,,,2020-03-08 08:19:56,,,,,,,,French,True,,,,,,,,
1880,4508,WROTE,,,2020-05-06 02:25:20,,,,,,,,English,False,,,,,,,,
2863,4188,WROTE,,,2021-01-16 13:41:56,,,,,,,,Spanish,False,,,,,,,,
917,4516,WROTE,,,2023-02-19 13:32:36,,,,,,,,Spanish,True,,,,,,,,
2629,4133,WROTE,,,2023-09-09 02:44:42,,,,,,,,French,True,,,,,,,,
2291,4007,WROTE,,,2021-07-24 14:07:00,,,,,,,,German,True,,,,,,,,
580,4432,WROTE,,,2021-05-22 11:03:48,,,,,,,,Spanish,True,,,,,,,,
2950,4715,CREATED,private,mobile,2020-10-05 07:31:58,,,,,,,,,,,,,,,,,
422,4995,CREATED,public,mobile,2022-02-27 12:47:38,,,,,,,,,,,,,,,,,
2395,4778,CREATED,private,mobile,2020-09-25 09:06:48,,,,,,,,,,,,,,,,,
920,4807,CREATED,public,mobile,2021-09-13 09:16:07,,,,,,,,,,,,,,,,,
1841,4722,CREATED,private,mobile,2020-04-10 12:19:46,,,,,,,,,,,,,,,,,
1535,4720,CREATED,public,web,2021-08-08 09:09:54,,,,,,,,,,,,,,,,,
2283,4996,CREATED,private,mobile,2020-08-09 14:07:34,,,,,,,,,,,,,,,,,
1071,4737,CREATED,private,web,2022-02-16 05:04:38,,,,,,,,,,,,,,,,,
485,4723,CREATED,private,mobile,2020-11-26 01:30:29,,,,,,,,,,,,,,,,,
32,4990,CREATED,public,mobile,2022-12-09 14:26:15,,,,,,,,,,,,,,,,,
2448,4801,CREATED,public,mobile,2020-05-21 07:34:48,,,,,,,,,,,,,,,,,
2412,4810,CREATED,private,mobile,2020-05-18 03:37:30,,,,,,,,,,,,,,,,,
2886,4901,CREATED,public,mobile,2021-03-28 19:42:00,,,,,,,,,,,,,,,,,
2683,4919,CREATED,public,web,2023-09-17 01:00:19,,,,,,,,,,,,,,,,,
2268,4766,CREATED,public,mobile,2022-05-05 13:28:07,,,,,,,,,,,,,,,,,
414,4752,CREATED,private,mobile,2021-02-09 04:14:14,,,,,,,,,,,,,,,,,
2311,4843,CREATED,public,mobile,2020-10-18 06:02:15,,,,,,,,,,,,,,,,,
378,4705,CREATED,private,web,2022-03-25 14:57:12,,,,,,,,,,,,,,,,,
1652,4782,CREATED,public,web,2023-04-07 03:02:55,,,,,,,,,,,,,,,,,
1560,4775,CREATED,private,mobile,2020-02-03 06:15:53,,,,,,,,,,,,,,,,,
1445,4842,CREATED,public,web,2023-05-06 00:28:42,,,,,,,,,,,,,,,,,
2265,4982,CREATED,private,mobile,2020-04-09 01:57:52,,,,,,,,,,,,,,,,,
2437,4743,CREATED,private,mobile,2022-03-21 00:33:33,,,,,,,,,,,,,,,,,
253,4936,CREATED,private,web,2022-09-19 06:39:05,,,,,,,,,,,,,,,,,
1692,4915,CREATED,public,web,2020-10-06 15:08:02,,,,,,,,,,,,,,,,,
1275,4963,CREATED,private,web,2020-04-29 18:49:34,,,,,,,,,,,,,,,,,
1067,4923,CREATED,public,web,2020-05-08 18:12:59,,,,,,,,,,,,,,,,,
995,4868,CREATED,public,mobile,2020-10-30 06:52:05,,,,,,,,,,,,,,,,,
2544,4902,CREATED,public,web,2022-02-07 02:23:31,,,,,,,,,,,,,,,,,
1730,4788,CREATED,public,web,2021-03-06 05:29:19,,,,,,,,,,,,,,,,,
720,4703,CREATED,private,mobile,2022-07-25 09:11:06,,,,,,,,,,,,,,,,,
2448,4861,CREATED,private,mobile,2022-11-06 05:05:17,,,,,,,,,,,,,,,,,
1141,4854,CREATED,public,mobile,2020-11-11 16:49:24,,,,,,,,,,,,,,,,,
2828,4980,CREATED,private,web,2020-09-10 21:43:14,,,,,,,,,,,,,,,,,
2442,4756,CREATED,public,mobile,2023-07-20 07:46:51,,,,,,,,,,,,,,,,,
799,4869,CREATED,public,mobile,2021-01-31 04:20:46,,,,,,,,,,,,,,,,,
1857,4782,CREATED,public,mobile,2021-01-30 22:13:02,,,,,,,,,,,,,,,,,
1225,4740,CREATED,private,web,2022-07-13 22:32:50,,,,,,,,,,,,,,,,,
101,4804,CREATED,private,web,2022-11-17 20:47:47,,,,,,,,,,,,,,,,,
2384,4930,CREATED,public,web,2021-12-13 11:17:16,,,,,,,,,,,,,,,,,
767,4989,CREATED,public,mobile,2020-03-09 00:34:33,,,,,,,,,,,,,,,,,
1945,4808,CREATED,private,web,2022-08-02 11:47:14,,,,,,,,,,,,,,,,,
990,4793,CREATED,public,web,2021-01-22 10:36:08,,,,,,,,,,,,,,,,,
1086,4884,CREATED,public,mobile,2021-05-01 10:28:08,,,,,,,,,,,,,,,,,
1190,4957,CREATED,private,web,2022-07-07 10:29:08,,,,,,,,,,,,,,,,,
1511,5008,CREATED,public,mobile,2020-10-11 17:30:00,,,,,,,,,,,,,,,,,
2048,4758,CREATED,private,web,2023-03-05 18:02:20,,,,,,,,,,,,,,,,,
687,4784,CREATED,public,web,2021-03-18 15:11:08,,,,,,,,,,,,,,,,,
2357,4809,CREATED,public,mobile,2020-03-18 06:00:14,,,,,,,,,,,,,,,,,
2219,4845,CREATED,public,mobile,2021-02-02 09:58:20,,,,,,,,,,,,,,,,,
2257,4769,CREATED,private,web,2020-01-18 06:09:53,,,,,,,,,,,,,,,,,
708,4954,CREATED,public,mobile,2020-11-25 01:10:20,,,,,,,,,,,,,,,,,
1264,4712,CREATED,private,web,2020-07-13 11:51:43,,,,,,,,,,,,,,,,,
170,4776,CREATED,public,web,2021-05-03 07:15:33,,,,,,,,,,,,,,,,,
464,4981,CREATED,private,mobile,2020-11-02 15:40:16,,,,,,,,,,,,,,,,,
1277,4728,CREATED,private,mobile,2021-09-17 16:53:09,,,,,,,,,,,,,,,,,
1031,4794,CREATED,private,web,2021-06-09 04:58:36,,,,,,,,,,,,,,,,,
579,4743,CREATED,public,mobile,2023-07-22 22:08:13,,,,,,,,,,,,,,,,,
1472,4774,CREATED,public,web,2021-01-14 10:40:22,,,,,,,,,,,,,,,,,
2810,4997,CREATED,public,mobile,2023-01-14 00:01:46,,,,,,,,,,,,,,,,,
424,4967,CREATED,private,web,2020-07-30 05:47:50,,,,,,,,,,,,,,,,,
826,4852,CREATED,private,web,2022-10-13 01:15:03,,,,,,,,,,,,,,,,,
2054,4854,CREATED,public,web,2020-01-01 22:40:52,,,,,,,,,,,,,,,,,
1426,4830,CREATED,private,mobile,2023-03-10 17:31:20,,,,,,,,,,,,,,,,,
2436,4721,CREATED,private,web,2020-10-28 22:26:51,,,,,,,,,,,,,,,,,
2461,4911,CREATED,private,mobile,2021-07-05 02:20:10,,,,,,,,,,,,,,,,,
2650,4735,CREATED,private,web,2020-03-23 00:06:26,,,,,,,,,,,,,,,,,
2710,4965,CREATED,private,web,2020-05-22 01:50:27,,,,,,,,,,,,,,,,,
1289,4807,CREATED,public,web,2020-12-11 13:04:00,,,,,,,,,,,,,,,,,
512,4712,CREATED,public,mobile,2023-09-19 06:51:44,,,,,,,,,,,,,,,,,
1428,4833,CREATED,public,web,2021-10-08 03:31:17,,,,,,,,,,,,,,,,,
2366,4930,CREATED,private,mobile,2020-10-02 21:40:53,,,,,,,,,,,,,,,,,
446,4930,CREATED,public,mobile,2023-11-12 22:00:29,,,,,,,,,,,,,,,,,
1227,4858,CREATED,private,mobile,2022-06-29 08:21:56,,,,,,,,,,,,,,,,,
467,4980,CREATED,private,web,2021-07-15 02:08:03,,,,,,,,,,,,,,,,,
1980,4761,CREATED,private,web,2020-05-26 18:44:45,,,,,,,,,,,,,,,,,
1718,4767,CREATED,private,mobile,2022-03-09 20:58:41,,,,,,,,,,,,,,,,,
1297,4847,CREATED,private,mobile,2022-09-28 09:23:05,,,,,,,,,,,,,,,,,
2749,4909,CREATED,private,web,2020-09-28 04:09:14,,,,,,,,,,,,,,,,,
1685,4826,CREATED,private,web,2023-12-18 11:32:48,,,,,,,,,,,,,,,,,
2000,4954,CREATED,private,web,2020-02-24 16:00:43,,,,,,,,,,,,,,,,,
308,4822,CREATED,private,web,2023-03-03 19:08:29,,,,,,,,,,,,,,,,,
1147,4910,CREATED,private,mobile,2020-12-29 11:40:19,,,,,,,,,,,,,,,,,
1388,4870,CREATED,public,mobile,2020-12-18 01:48:36,,,,,,,,,,,,,,,,,
2403,4876,CREATED,public,web,2020-07-27 13:05:12,,,,,,,,,,,,,,,,,
190,5001,CREATED,public,web,2023-12-16 22:00:22,,,,,,,,,,,,,,,,,
2757,4735,CREATED,private,mobile,2022-06-26 04:20:03,,,,,,,,,,,,,,,,,
132,4733,CREATED,private,web,2023-06-26 13:03:43,,,,,,,,,,,,,,,,,
2649,4839,CREATED,private,web,2020-12-24 03:48:36,,,,,,,,,,,,,,,,,
2982,4839,CREATED,public,web,2021-10-04 05:48:55,,,,,,,,,,,,,,,,,
1715,4901,CREATED,private,mobile,2021-12-18 01:24:38,,,,,,,,,,,,,,,,,
1309,4921,CREATED,private,web,2021-03-03 07:39:49,,,,,,,,,,,,,,,,,
2042,4759,CREATED,private,mobile,2021-03-12 13:29:20,,,,,,,,,,,,,,,,,
2416,4713,CREATED,public,web,2020-04-20 20:51:30,,,,,,,,,,,,,,,,,
281,4894,CREATED,public,mobile,2021-02-14 10:27:42,,,,,,,,,,,,,,,,,
1553,4867,CREATED,private,web,2022-04-21 18:30:06,,,,,,,,,,,,,,,,,
584,4939,CREATED,private,mobile,2023-08-20 04:23:45,,,,,,,,,,,,,,,,,
1082,4928,CREATED,private,mobile,2020-08-23 08:10:37,,,,,,,,,,,,,,,,,
2929,4889,CREATED,public,mobile,2022-01-04 10:31:09,,,,,,,,,,,,,,,,,
1993,4929,CREATED,private,mobile,2022-02-17 11:25:49,,,,,,,,,,,,,,,,,
176,4956,INTERESTED,,,2022-08-17 02:14:35,,,,,,,,,,8.29,47.0,,,,,,
2918,4951,INTERESTED,,,2022-12-06 12:48:57,,,,,,,,,,6.44,33.0,,,,,,
1672,4932,INTERESTED,,,2022-08-04 03:04:07,,,,,,,,,,2.19,38.0,,,,,,
2883,4768,INTERESTED,,,2022-09-06 21:50:59,,,,,,,,,,4.35,20.0,,,,,,
1437,4810,INTERESTED,,,2020-05-17 10:33:28,,,,,,,,,,5.75,18.0,,,,,,
21,4784,INTERESTED,,,2023-09-24 12:29:28,,,,,,,,,,3.96,63.0,,,,,,
1751,4724,INTERESTED,,,2022-06-03 11:59:38,,,,,,,,,,8.27,78.0,,,,,,
275,4753,INTERESTED,,,2021-05-10 20:03:24,,,,,,,,,,6.04,24.0,,,,,,
1105,4748,INTERESTED,,,2022-03-08 03:20:56,,,,,,,,,,6.04,97.0,,,,,,
808,4871,INTERESTED,,,2020-10-07 13:18:13,,,,,,,,,,7.94,84.0,,,,,,
2919,4958,INTERESTED,,,2022-08-01 09:33:59,,,,,,,,,,3.14,38.0,,,,,,
1654,4872,INTERESTED,,,2021-04-28 22:00:20,,,,,,,,,,9.02,60.0,,,,,,
580,4982,INTERESTED,,,2022-12-06 20:13:25,,,,,,,,,,2.5,92.0,,,,,,
2474,5042,INTERESTED,,,2023-11-02 12:26:22,,,,,,,,,,5.0,94.0,,,,,,
2469,4872,INTERESTED,,,2022-01-24 07:13:42,,,,,,,,,,9.45,98.0,,,,,,
2219,4957,INTERESTED,,,2022-05-26 03:13:54,,,,,,,,,,4.83,4.0,,,,,,
2977,4752,INTERESTED,,,2022-09-29 19:41:08,,,,,,,,,,3.48,24.0,,,,,,
2740,4897,INTERESTED,,,2022-09-14 03:32:01,,,,,,,,,,6.83,66.0,,,,,,
2696,4909,INTERESTED,,,2021-08-20 04:53:31,,,,,,,,,,4.12,71.0,,,,,,
1898,4888,INTERESTED,,,2022-02-15 01:24:15,,,,,,,,,,9.6,32.0,,,,,,
1514,4956,INTERESTED,,,2020-05-06 07:31:34,,,,,,,,,,1.01,97.0,,,,,,
1503,4933,INTERESTED,,,2020-09-04 12:31:36,,,,,,,,,,1.89,24.0,,,,,,
377,4870,INTERESTED,,,2020-10-05 18:37:31,,,,,,,,,,1.87,50.0,,,,,,
971,4880,INTERESTED,,,2020-07-10 06:44:19,,,,,,,,,,9.97,2.0,,,,,,
81,4918,INTERESTED,,,2022-12-17 03:01:33,,,,,,,,,,7.56,75.0,,,,,,
2449,4717,INTERESTED,,,2020-05-22 08:09:35,,,,,,,,,,4.0,87.0,,,,,,
2269,4769,INTERESTED,,,2020-08-10 18:07:24,,,,,,,,,,3.27,45.0,,,,,,
441,4723,INTERESTED,,,2020-09-19 20:28:44,,,,,,,,,,3.06,49.0,,,,,,
2019,5038,INTERESTED,,,2023-02-21 12:37:12,,,,,,,,,,7.41,85.0,,,,,,
812,4868,INTERESTED,,,2020-08-18 01:12:11,,,,,,,,,,2.57,43.0,,,,,,
961,4752,INTERESTED,,,2020-09-18 11:46:51,,,,,,,,,,1.9,5.0,,,,,,
2495,4830,INTERESTED,,,2023-10-18 02:22:54,,,,,,,,,,1.01,43.0,,,,,,
2184,4869,INTERESTED,,,2022-11-30 20:10:52,,,,,,,,,,7.54,99.0,,,,,,
229,4957,INTERESTED,,,2021-03-15 17:54:47,,,,,,,,,,8.77,27.0,,,,,,
1322,4998,INTERESTED,,,2023-08-07 03:42:50,,,,,,,,,,9.67,83.0,,,,,,
2854,5033,INTERESTED,,,2020-11-01 16:23:38,,,,,,,,,,1.03,30.0,,,,,,
1117,4899,INTERESTED,,,2022-02-19 14:18:01,,,,,,,,,,8.23,1.0,,,,,,
1457,4758,INTERESTED,,,2023-05-17 21:51:55,,,,,,,,,,6.04,68.0,,,,,,
1835,4970,INTERESTED,,,2021-12-25 06:06:04,,,,,,,,,,4.3,10.0,,,,,,
617,4891,INTERESTED,,,2020-03-10 18:02:35,,,,,,,,,,2.38,53.0,,,,,,
1162,4823,INTERESTED,,,2020-06-21 01:06:07,,,,,,,,,,7.25,65.0,,,,,,
1209,4934,INTERESTED,,,2022-01-28 22:36:19,,,,,,,,,,7.78,54.0,,,,,,
2301,4903,INTERESTED,,,2023-10-13 04:31:30,,,,,,,,,,7.57,49.0,,,,,,
1517,5008,INTERESTED,,,2020-08-10 17:05:32,,,,,,,,,,7.07,31.0,,,,,,
1267,4713,INTERESTED,,,2020-02-19 23:06:11,,,,,,,,,,8.83,70.0,,,,,,
2064,5024,INTERESTED,,,2022-01-14 20:54:46,,,,,,,,,,4.5,45.0,,,,,,
853,4722,INTERESTED,,,2021-02-13 13:05:08,,,,,,,,,,8.8,77.0,,,,,,
23,4989,INTERESTED,,,2021-01-17 09:50:27,,,,,,,,,,3.84,6.0,,,,,,
1055,4910,INTERESTED,,,2022-08-21 04:34:33,,,,,,,,,,4.2,53.0,,,,,,
2711,4777,INTERESTED,,,2021-05-31 08:18:56,,,,,,,,,,1.97,72.0,,,,,,
2380,4801,INTERESTED,,,2020-10-12 05:02:21,,,,,,,,,,3.46,16.0,,,,,,
1356,4980,INTERESTED,,,2022-08-25 17:16:26,,,,,,,,,,4.5,66.0,,,,,,
1304,4802,INTERESTED,,,2021-11-30 03:13:17,,,,,,,,,,6.02,63.0,,,,,,
349,4850,INTERESTED,,,2022-11-07 19:05:35,,,,,,,,,,1.49,80.0,,,,,,
2704,5043,INTERESTED,,,2020-07-23 01:11:52,,,,,,,,,,3.94,36.0,,,,,,
1412,4752,INTERESTED,,,2023-11-17 08:08:49,,,,,,,,,,3.11,2.0,,,,,,
2992,4751,INTERESTED,,,2023-02-10 09:27:06,,,,,,,,,,9.07,48.0,,,,,,
343,4973,INTERESTED,,,2022-10-14 20:17:55,,,,,,,,,,8.36,49.0,,,,,,
2178,4930,INTERESTED,,,2021-10-23 20:04:37,,,,,,,,,,5.1,49.0,,,,,,
1219,4906,INTERESTED,,,2022-03-01 11:26:27,,,,,,,,,,9.1,47.0,,,,,,
627,4993,INTERESTED,,,2023-08-11 16:14:06,,,,,,,,,,5.46,55.0,,,,,,
1698,4780,INTERESTED,,,2022-12-02 05:49:32,,,,,,,,,,8.26,5.0,,,,,,
2155,4962,INTERESTED,,,2020-06-23 05:23:54,,,,,,,,,,9.2,11.0,,,,,,
728,4982,INTERESTED,,,2022-03-10 12:28:06,,,,,,,,,,3.68,14.0,,,,,,
2313,5050,INTERESTED,,,2020-02-02 13:34:37,,,,,,,,,,2.21,70.0,,,,,,
1652,4845,INTERESTED,,,2022-10-05 00:49:24,,,,,,,,,,8.32,64.0,,,,,,
2618,4916,INTERESTED,,,2022-02-06 16:09:50,,,,,,,,,,4.25,70.0,,,,,,
651,4909,INTERESTED,,,2022-10-30 03:26:34,,,,,,,,,,2.53,27.0,,,,,,
1911,5027,INTERESTED,,,2021-05-02 16:25:23,,,,,,,,,,1.95,1.0,,,,,,
1232,4924,INTERESTED,,,2022-11-23 16:26:32,,,,,,,,,,6.94,65.0,,,,,,
2667,4983,INTERESTED,,,2021-11-11 19:31:44,,,,,,,,,,8.07,39.0,,,,,,
2694,4963,INTERESTED,,,2020-03-13 04:25:19,,,,,,,,,,3.74,24.0,,,,,,
2231,4809,INTERESTED,,,2020-03-23 10:58:59,,,,,,,,,,2.33,56.0,,,,,,
303,5035,INTERESTED,,,2020-07-26 00:02:16,,,,,,,,,,2.82,88.0,,,,,,
2471,4824,INTERESTED,,,2021-11-15 10:42:05,,,,,,,,,,2.22,31.0,,,,,,
1679,4923,INTERESTED,,,2021-03-22 07:58:01,,,,,,,,,,9.51,68.0,,,,,,
1918,4727,INTERESTED,,,2021-08-07 09:29:33,,,,,,,,,,9.96,32.0,,,,,,
1550,5002,INTERESTED,,,2023-06-08 11:24:16,,,,,,,,,,5.46,24.0,,,,,,
2168,4797,INTERESTED,,,2020-08-26 07:57:44,,,,,,,,,,3.01,22.0,,,,,,
1948,4724,INTERESTED,,,2020-11-02 05:19:36,,,,,,,,,,9.66,87.0,,,,,,
946,4998,INTERESTED,,,2023-12-10 19:32:13,,,,,,,,,,3.04,37.0,,,,,,
2061,4783,INTERESTED,,,2023-07-18 07:47:22,,,,,,,,,,5.59,41.0,,,,,,
965,4744,INTERESTED,,,2022-01-05 05:35:11,,,,,,,,,,2.15,45.0,,,,,,
102,4968,INTERESTED,,,2022-02-10 21:50:14,,,,,,,,,,2.9,28.0,,,,,,
2485,4798,INTERESTED,,,2023-08-11 22:07:31,,,,,,,,,,4.16,84.0,,,,,,
1764,4788,INTERESTED,,,2020-03-14 22:57:47,,,,,,,,,,6.24,28.0,,,,,,
675,4781,INTERESTED,,,2022-08-24 14:26:41,,,,,,,,,,7.68,100.0,,,,,,
2083,4703,INTERESTED,,,2020-04-24 12:08:20,,,,,,,,,,7.61,72.0,,,,,,
2310,4787,INTERESTED,,,2023-01-21 23:25:30,,,,,,,,,,1.26,73.0,,,,,,
636,4851,INTERESTED,,,2023-11-25 16:14:58,,,,,,,,,,6.61,58.0,,,,,,
1431,4790,INTERESTED,,,2021-01-24 10:07:28,,,,,,,,,,5.95,77.0,,,,,,
1081,5003,INTERESTED,,,2020-10-23 13:08:54,,,,,,,,,,5.42,8.0,,,,,,
2107,4718,INTERESTED,,,2022-08-20 02:34:55,,,,,,,,,,8.94,75.0,,,,,,
189,4785,INTERESTED,,,2020-11-14 06:12:11,,,,,,,,,,2.93,62.0,,,,,,
1399,4968,INTERESTED,,,2020-06-23 12:58:17,,,,,,,,,,8.38,44.0,,,,,,
602,4924,INTERESTED,,,2023-10-01 10:32:45,,,,,,,,,,7.1,85.0,,,,,,
575,4806,INTERESTED,,,2023-09-04 09:38:54,,,,,,,,,,6.13,98.0,,,,,,
1406,4901,INTERESTED,,,2020-08-31 16:29:58,,,,,,,,,,5.35,28.0,,,,,,
924,4737,INTERESTED,,,2022-09-06 13:30:42,,,,,,,,,,4.57,45.0,,,,,,
1746,4956,INTERESTED,,,2021-04-21 05:46:18,,,,,,,,,,4.27,45.0,,,,,,
760,5084,FROM,,,,,,,,,,,,,,,False,2020-07-12,2023-11-26,,,
2210,5103,FROM,,,,,,,,,,,,,,,True,2021-03-28,2023-10-25,,,
301,5077,FROM,,,,,,,,,,,,,,,False,2020-05-06,2022-11-27,,,
1392,5109,FROM,,,,,,,,,,,,,,,False,2022-09-06,2022-05-05,,,
177,5053,FROM,,,,,,,,,,,,,,,False,2023-09-01,2022-09-07,,,
143,5064,FROM,,,,,,,,,,,,,,,True,2022-12-05,2022-10-25,,,
496,5064,FROM,,,,,,,,,,,,,,,True,2020-04-19,2022-09-13,,,
64,5149,FROM,,,,,,,,,,,,,,,False,2023-07-28,2020-04-09,,,
6,5138,FROM,,,,,,,,,,,,,,,True,2023-03-04,2023-08-27,,,
2894,5097,FROM,,,,,,,,,,,,,,,False,2021-01-23,2022-10-26,,,
2869,5089,FROM,,,,,,,,,,,,,,,False,2022-01-20,2022-07-20,,,
2330,5075,FROM,,,,,,,,,,,,,,,False,2021-07-18,2023-05-20,,,
2341,5115,FROM,,,,,,,,,,,,,,,True,2022-10-05,2023-08-23,,,
436,5120,FROM,,,,,,,,,,,,,,,False,2023-09-04,2022-02-08,,,
2955,5112,FROM,,,,,,,,,,,,,,,False,2020-08-06,2020-07-28,,,
489,5054,FROM,,,,,,,,,,,,,,,False,2021-03-27,2022-08-24,,,
1300,5108,FROM,,,,,,,,,,,,,,,True,2023-08-19,2020-04-17,,,
2238,5070,FROM,,,,,,,,,,,,,,,True,2023-08-26,2022-10-21,,,
296,5067,FROM,,,,,,,,,,,,,,,True,2023-06-17,2022-01-02,,,
1365,5123,FROM,,,,,,,,,,,,,,,False,2023-03-16,2021-03-10,,,
1410,5059,FROM,,,,,,,,,,,,,,,False,2021-07-04,2020-01-27,,,
1466,5091,FROM,,,,,,,,,,,,,,,False,2022-02-06,2020-12-21,,,
1410,5140,FROM,,,,,,,,,,,,,,,False,2021-07-10,2021-01-02,,,
1785,5099,FROM,,,,,,,,,,,,,,,True,2021-04-04,2023-09-23,,,
1884,5106,FROM,,,,,,,,,,,,,,,False,2020-07-23,2023-10-02,,,
1815,5085,FROM,,,,,,,,,,,,,,,False,2023-02-26,2020-03-02,,,
1093,5115,FROM,,,,,,,,,,,,,,,True,2022-04-03,2022-07-16,,,
2490,5075,FROM,,,,,,,,,,,,,,,False,2020-08-10,2021-09-25,,,
1619,5115,FROM,,,,,,,,,,,,,,,False,2022-09-13,2023-10-04,,,
462,5069,FROM,,,,,,,,,,,,,,,False,2023-02-03,2022-07-16,,,
225,5119,FROM,,,,,,,,,,,,,,,True,2022-11-13,2022-02-15,,,
2700,5087,FROM,,,,,,,,,,,,,,,True,2021-09-25,2021-01-27,,,
1442,5051,FROM,,,,,,,,,,,,,,,False,2021-12-07,2021-09-20,,,
120,5112,FROM,,,,,,,,,,,,,,,False,2023-02-04,2021-01-07,,,
2461,5129,FROM,,,,,,,,,,,,,,,True,2021-09-06,2023-02-03,,,
1706,5104,FROM,,,,,,,,,,,,,,,True,2020-03-22,2022-08-04,,,
2112,5147,FROM,,,,,,,,,,,,,,,True,2021-06-17,2022-08-13,,,
2827,5148,FROM,,,,,,,,,,,,,,,True,2020-06-27,2022-02-23,,,
2559,5116,FROM,,,,,,,,,,,,,,,False,2022-02-20,2021-12-02,,,
233,5129,FROM,,,,,,,,,,,,,,,True,2022-08-23,2023-04-05,,,
1897,5092,FROM,,,,,,,,,,,,,,,False,2023-10-19,2021-03-19,,,
452,5129,FROM,,,,,,,,,,,,,,,True,2023-02-05,2023-08-22,,,
1063,5119,FROM,,,,,,,,,,,,,,,True,2022-08-03,2023-04-08,,,
2067,5058,FROM,,,,,,,,,,,,,,,False,2022-07-29,2022-02-24,,,
1077,5064,FROM,,,,,,,,,,,,,,,True,2022-08-04,2021-04-26,,,
1227,5096,FROM,,,,,,,,,,,,,,,True,2020-02-29,2022-06-09,,,
205,5072,FROM,,,,,,,,,,,,,,,False,2023-08-16,2021-04-03,,,
2307,5077,FROM,,,,,,,,,,,,,,,True,2023-09-05,2022-10-04,,,
540,5076,FROM,,,,,,,,,,,,,,,True,2023-08-06,2023-12-26,,,
996,5110,FROM,,,,,,,,,,,,,,,True,2022-03-28,2021-11-14,,,
2632,5097,FROM,,,,,,,,,,,,,,,False,2022-06-07,2021-08-01,,,
2680,5117,FROM,,,,,,,,,,,,,,,False,2022-01-11,2023-01-02,,,
2098,5096,FROM,,,,,,,,,,,,,,,True,2020-08-17,2020-04-14,,,
2166,5097,FROM,,,,,,,,,,,,,,,False,2023-01-24,2020-07-21,,,
1788,5115,FROM,,,,,,,,,,,,,,,True,2023-10-07,2022-05-27,,,
1428,5091,FROM,,,,,,,,,,,,,,,True,2023-02-03,2022-03-25,,,
517,5072,FROM,,,,,,,,,,,,,,,True,2021-12-28,2021-06-23,,,
2909,5068,FROM,,,,,,,,,,,,,,,False,2021-08-10,2023-01-05,,,
473,5079,FROM,,,,,,,,,,,,,,,True,2022-12-12,2023-07-02,,,
119,5072,FROM,,,,,,,,,,,,,,,True,2023-03-04,2023-02-27,,,
615,5139,FROM,,,,,,,,,,,,,,,True,2022-09-06,2020-09-16,,,
842,5064,FROM,,,,,,,,,,,,,,,True,2021-09-13,2021-06-27,,,
1645,5147,FROM,,,,,,,,,,,,,,,True,2022-06-08,2022-11-21,,,
1889,5061,FROM,,,,,,,,,,,,,,,False,2020-06-25,2023-03-13,,,
318,5075,FROM,,,,,,,,,,,,,,,False,2022-04-16,2023-03-19,,,
2205,5133,FROM,,,,,,,,,,,,,,,True,2023-11-17,2022-05-05,,,
1366,5103,FROM,,,,,,,,,,,,,,,True,2020-07-05,2022-09-12,,,
137,5138,FROM,,,,,,,,,,,,,,,False,2023-03-24,2021-07-13,,,
1623,5122,FROM,,,,,,,,,,,,,,,False,2020-08-17,2020-08-02,,,
2487,5124,FROM,,,,,,,,,,,,,,,False,2020-02-13,2022-04-02,,,
1351,5073,FROM,,,,,,,,,,,,,,,True,2021-07-25,2020-12-29,,,
2869,5085,FROM,,,,,,,,,,,,,,,True,2020-02-13,2020-01-03,,,
2222,5120,FROM,,,,,,,,,,,,,,,False,2023-12-21,2020-12-02,,,
1078,5069,FROM,,,,,,,,,,,,,,,True,2021-03-30,2022-03-06,,,
1723,5102,FROM,,,,,,,,,,,,,,,True,2020-07-02,2023-01-03,,,
2845,5124,FROM,,,,,,,,,,,,,,,False,2023-08-15,2021-03-03,,,
1729,5081,FROM,,,,,,,,,,,,,,,True,2020-07-31,2020-03-28,,,
786,5084,FROM,,,,,,,,,,,,,,,False,2020-04-28,2021-12-05,,,
635,5054,FROM,,,,,,,,,,,,,,,True,2022-11-30,2023-03-01,,,
1584,5148,FROM,,,,,,,,,,,,,,,True,2022-09-04,2022-07-03,,,
2090,5079,FROM,,,,,,,,,,,,,,,False,2020-06-07,2022-07-23,,,
2234,5056,FROM,,,,,,,,,,,,,,,False,2022-07-02,2022-04-07,,,
1188,5088,FROM,,,,,,,,,,,,,,,True,2021-07-26,2023-07-20,,,
1279,5115,FROM,,,,,,,,,,,,,,,False,2021-01-29,2022-10-10,,,
2398,5094,FROM,,,,,,,,,,,,,,,False,2022-07-14,2021-12-14,,,
1444,5076,FROM,,,,,,,,,,,,,,,True,2021-07-02,2023-08-10,,,
95,5078,FROM,,,,,,,,,,,,,,,False,2021-07-21,2020-08-18,,,
2166,5101,FROM,,,,,,,,,,,,,,,True,2021-08-11,2021-11-03,,,
2051,5053,FROM,,,,,,,,,,,,,,,False,2021-06-30,2023-08-14,,,
857,5089,FROM,,,,,,,,,,,,,,,True,2023-08-01,2021-02-10,,,
1579,5109,FROM,,,,,,,,,,,,,,,False,2022-07-21,2021-04-29,,,
2644,5111,FROM,,,,,,,,,,,,,,,True,2023-06-04,2021-12-07,,,
758,5055,FROM,,,,,,,,,,,,,,,False,2023-11-22,2023-03-21,,,
1833,5129,FROM,,,,,,,,,,,,,,,False,2021-01-20,2021-02-16,,,
2947,5095,FROM,,,,,,,,,,,,,,,True,2020-06-01,2021-03-24,,,
2152,5065,FROM,,,,,,,,,,,,,,,False,2020-02-11,2021-08-09,,,
85,5142,FROM,,,,,,,,,,,,,,,False,2020-06-12,2023-04-28,,,
2246,5142,FROM,,,,,,,,,,,,,,,False,2023-08-10,2021-08-06,,,
1121,5142,FROM,,,,,,,,,,,,,,,False,2021-12-19,2021-03-30,,,
1521,5071,FROM,,,,,,,,,,,,,,,False,2023-12-11,2021-05-25,,,
3113,4764,RELATED,,,,,,,,,,,,,,,,2022-12-18,2022-05-25,94.0,,
3657,4874,RELATED,,,,,,,,,,,,,,,,2021-06-19,2021-03-23,55.0,,
3211,4916,RELATED,,,,,,,,,,,,,,,,2021-03-04,2021-06-26,25.0,,
3447,4719,RELATED,,,,,,,,,,,,,,,,2021-06-10,2023-03-27,63.0,,
3779,4802,RELATED,,,,,,,,,,,,,,,,2023-03-29,2020-11-07,16.0,,
3691,4758,RELATED,,,,,,,,,,,,,,,,2020-01-03,2020-02-07,15.0,,
3854,4742,RELATED,,,,,,,,,,,,,,,,2023-03-29,2020-04-07,34.0,,
3430,4777,RELATED,,,,,,,,,,,,,,,,2020-08-28,2022-12-31,33.0,,
3172,5038,RELATED,,,,,,,,,,,,,,,,2023-09-29,2020-09-19,34.0,,
3931,4961,RELATED,,,,,,,,,,,,,,,,2023-03-28,2021-11-25,1.0,,
3169,5000,RELATED,,,,,,,,,,,,,,,,2020-09-26,2023-07-26,9.0,,
3721,4986,RELATED,,,,,,,,,,,,,,,,2021-10-21,2020-07-19,56.0,,
3171,4888,RELATED,,,,,,,,,,,,,,,,2021-04-06,2022-05-05,23.0,,
3972,4779,RELATED,,,,,,,,,,,,,,,,2022-04-26,2023-01-14,91.0,,
3908,4936,RELATED,,,,,,,,,,,,,,,,2023-06-27,2022-12-21,72.0,,
3461,4977,RELATED,,,,,,,,,,,,,,,,2023-02-09,2022-10-13,32.0,,
3794,4888,RELATED,,,,,,,,,,,,,,,,2022-07-20,2022-06-26,49.0,,
3715,4910,RELATED,,,,,,,,,,,,,,,,2020-11-05,2022-04-06,70.0,,
3561,5031,RELATED,,,,,,,,,,,,,,,,2020-11-22,2022-10-04,67.0,,
3167,4916,RELATED,,,,,,,,,,,,,,,,2020-11-16,2022-06-21,7.0,,
3121,4983,RELATED,,,,,,,,,,,,,,,,2021-08-21,2020-03-22,13.0,,
3679,4875,RELATED,,,,,,,,,,,,,,,,2022-04-16,2020-04-07,92.0,,
3498,4749,RELATED,,,,,,,,,,,,,,,,2021-03-26,2020-06-11,40.0,,
3635,4821,RELATED,,,,,,,,,,,,,,,,2022-12-27,2022-07-30,23.0,,
3743,4938,RELATED,,,,,,,,,,,,,,,,2021-01-23,2021-03-19,82.0,,
3087,4707,RELATED,,,,,,,,,,,,,,,,2022-06-13,2022-11-25,93.0,,
3127,4978,RELATED,,,,,,,,,,,,,,,,2022-12-23,2020-01-25,66.0,,
3956,5010,RELATED,,,,,,,,,,,,,,,,2020-11-13,2021-04-04,91.0,,
3809,4931,RELATED,,,,,,,,,,,,,,,,2020-08-16,2023-05-12,54.0,,
3982,5016,RELATED,,,,,,,,,,,,,,,,2022-05-08,2023-02-04,9.0,,
3947,4875,RELATED,,,,,,,,,,,,,,,,2021-04-04,2021-01-26,20.0,,
3557,4809,RELATED,,,,,,,,,,,,,,,,2023-12-23,2020-07-04,82.0,,
3100,5026,RELATED,,,,,,,,,,,,,,,,2023-05-31,2022-04-24,13.0,,
3867,4867,RELATED,,,,,,,,,,,,,,,,2021-12-21,2021-03-15,13.0,,
3942,4877,RELATED,,,,,,,,,,,,,,,,2022-03-09,2021-11-03,17.0,,
3077,4804,RELATED,,,,,,,,,,,,,,,,2020-06-13,2022-04-10,75.0,,
3981,4867,RELATED,,,,,,,,,,,,,,,,2023-02-22,2022-08-19,54.0,,
3220,4860,RELATED,,,,,,,,,,,,,,,,2020-01-01,2022-04-30,17.0,,
3454,4908,RELATED,,,,,,,,,,,,,,,,2021-04-28,2020-04-24,62.0,,
3556,4717,RELATED,,,,,,,,,,,,,,,,2020-10-15,2021-12-01,53.0,,
3656,4935,RELATED,,,,,,,,,,,,,,,,2023-03-13,2022-10-29,42.0,,
3126,4811,RELATED,,,,,,,,,,,,,,,,2020-06-17,2021-05-20,93.0,,
3445,4978,RELATED,,,,,,,,,,,,,,,,2020-06-15,2022-04-17,91.0,,
3648,4851,RELATED,,,,,,,,,,,,,,,,2020-06-12,2023-01-30,62.0,,
3223,4772,RELATED,,,,,,,,,,,,,,,,2023-04-16,2023-09-11,59.0,,
3563,4733,RELATED,,,,,,,,,,,,,,,,2020-06-01,2020-05-31,33.0,,
3940,4939,RELATED,,,,,,,,,,,,,,,,2023-02-25,2022-12-12,40.0,,
3164,4985,RELATED,,,,,,,,,,,,,,,,2020-02-10,2021-02-13,60.0,,
3527,4785,RELATED,,,,,,,,,,,,,,,,2020-04-26,2020-06-25,3.0,,
3354,4759,RELATED,,,,,,,,,,,,,,,,2021-05-07,2021-06-18,15.0,,
3175,4899,RELATED,,,,,,,,,,,,,,,,2021-06-04,2023-08-19,27.0,,
3790,4764,RELATED,,,,,,,,,,,,,,,,2023-03-07,2020-04-03,62.0,,
3842,4707,RELATED,,,,,,,,,,,,,,,,2020-11-19,2021-10-06,68.0,,
3825,4704,RELATED,,,,,,,,,,,,,,,,2021-08-27,2023-02-23,42.0,,
3779,5029,RELATED,,,,,,,,,,,,,,,,2021-04-27,2021-05-25,35.0,,
3738,4845,RELATED,,,,,,,,,,,,,,,,2021-02-06,2023-09-17,25.0,,
3065,4883,RELATED,,,,,,,,,,,,,,,,2022-03-22,2022-11-04,80.0,,
3133,4960,RELATED,,,,,,,,,,,,,,,,2022-10-28,2021-09-17,3.0,,
3730,4915,RELATED,,,,,,,,,,,,,,,,2020-04-10,2021-01-05,5.0,,
3179,4819,RELATED,,,,,,,,,,,,,,,,2020-08-09,2020-01-14,61.0,,
3101,4990,RELATED,,,,,,,,,,,,,,,,2023-03-14,2021-03-26,92.0,,
3031,5037,RELATED,,,,,,,,,,,,,,,,2021-08-16,2023-07-27,79.0,,
3502,4863,RELATED,,,,,,,,,,,,,,,,2023-03-02,2020-01-24,65.0,,
3557,4752,RELATED,,,,,,,,,,,,,,,,2023-11-16,2022-11-16,31.0,,
3492,4762,RELATED,,,,,,,,,,,,,,,,2023-09-14,2021-12-17,46.0,,
3534,4757,RELATED,,,,,,,,,,,,,,,,2021-08-15,2022-09-06,12.0,,
3173,4804,RELATED,,,,,,,,,,,,,,,,2021-10-22,2023-10-12,69.0,,
3199,5007,RELATED,,,,,,,,,,,,,,,,2021-12-19,2020-03-21,85.0,,
3752,4973,RELATED,,,,,,,,,,,,,,,,2020-07-18,2020-02-17,71.0,,
3069,4896,RELATED,,,,,,,,,,,,,,,,2022-03-21,2022-06-03,21.0,,
3356,4771,RELATED,,,,,,,,,,,,,,,,2023-03-06,2023-08-08,50.0,,
3439,4993,RELATED,,,,,,,,,,,,,,,,2023-05-19,2020-06-09,83.0,,
3246,4913,RELATED,,,,,,,,,,,,,,,,2020-08-11,2022-08-19,24.0,,
3160,4734,RELATED,,,,,,,,,,,,,,,,2023-10-21,2021-05-09,69.0,,
3218,4944,RELATED,,,,,,,,,,,,,,,,2020-03-31,2021-11-27,9.0,,
3973,5023,RELATED,,,,,,,,,,,,,,,,2022-10-23,2021-04-18,77.0,,
3740,4702,RELATED,,,,,,,,,,,,,,,,2021-11-13,2021-12-18,72.0,,
3890,4715,RELATED,,,,,,,,,,,,,,,,2022-09-20,2021-05-23,18.0,,
3339,4857,RELATED,,,,,,,,,,,,,,,,2020-07-05,2023-09-29,5.0,,
3644,4709,RELATED,,,,,,,,,,,,,,,,2021-02-17,2020-05-23,22.0,,
3151,4751,RELATED,,,,,,,,,,,,,,,,2022-09-20,2023-03-06,43.0,,
3625,4838,RELATED,,,,,,,,,,,,,,,,2021-01-23,2023-11-01,33.0,,
3946,4994,RELATED,,,,,,,,,,,,,,,,2020-03-08,2021-05-29,6.0,,
3675,4787,RELATED,,,,,,,,,,,,,,,,2022-03-18,2021-07-11,75.0,,
3899,4892,RELATED,,,,,,,,,,,,,,,,2023-08-21,2023-02-13,87.0,,
3531,4989,RELATED,,,,,,,,,,,,,,,,2021-01-30,2022-05-29,48.0,,
3021,4890,RELATED,,,,,,,,,,,,,,,,2021-05-04,2021-10-08,71.0,,
3080,4811,RELATED,,,,,,,,,,,,,,,,2021-03-10,2021-06-23,54.0,,
3732,4777,RELATED,,,,,,,,,,,,,,,,2022-10-06,2022-04-18,23.0,,
3188,4993,RELATED,,,,,,,,,,,,,,,,2020-10-15,2020-09-09,47.0,,
3527,4755,RELATED,,,,,,,,,,,,,,,,2021-11-25,2023-07-29,41.0,,
3739,4717,RELATED,,,,,,,,,,,,,,,,2021-04-28,2020-09-14,77.0,,
3254,4736,RELATED,,,,,,,,,,,,,,,,2023-05-17,2021-06-03,17.0,,
3380,4988,RELATED,,,,,,,,,,,,,,,,2020-02-19,2020-11-19,52.0,,
3173,4864,RELATED,,,,,,,,,,,,,,,,2023-09-30,2020-06-21,11.0,,
3744,4823,RELATED,,,,,,,,,,,,,,,,2020-04-21,2021-02-07,37.0,,
3753,5047,RELATED,,,,,,,,,,,,,,,,2021-12-11,2020-01-12,7.0,,
3191,4887,RELATED,,,,,,,,,,,,,,,,2020-11-20,2020-01-29,48.0,,
3162,4784,RELATED,,,,,,,,,,,,,,,,2021-03-13,2021-08-22,81.0,,
3091,4932,RELATED,,,,,,,,,,,,,,,,2023-05-03,2022-06-25,18.0,,
4597,3839,BELONGS_TO,,,2021-03-05 14:44:06,,,,,,,,,,,,,,,,False,True
4614,3661,BELONGS_TO,,,2021-10-06 22:33:40,,,,,,,,,,,,,,,,True,False
4103,3662,BELONGS_TO,,,2022-05-27 21:20:03,,,,,,,,,,,,,,,,False,True
4354,3409,BELONGS_TO,,,2020-01-19 03:19:17,,,,,,,,,,,,,,,,False,False
4109,3906,BELONGS_TO,,,2020-03-27 15:22:31,,,,,,,,,,,,,,,,True,True
4486,3922,BELONGS_TO,,,2020-07-09 03:30:15,,,,,,,,,,,,,,,,False,False
4211,3436,BELONGS_TO,,,2021-01-11 19:19:05,,,,,,,,,,,,,,,,True,False
4685,3291,BELONGS_TO,,,2021-10-31 20:26:06,,,,,,,,,,,,,,,,True,False
4316,3989,BELONGS_TO,,,2022-05-23 06:33:28,,,,,,,,,,,,,,,,True,False
4253,3798,BELONGS_TO,,,2022-02-25 21:08:41,,,,,,,,,,,,,,,,True,True
4411,3194,BELONGS_TO,,,2020-12-08 02:43:36,,,,,,,,,,,,,,,,False,False
4013,3291,BELONGS_TO,,,2023-09-17 13:04:04,,,,,,,,,,,,,,,,True,False
4196,3503,BELONGS_TO,,,2023-01-15 20:01:44,,,,,,,,,,,,,,,,True,True
4494,3530,BELONGS_TO,,,2023-02-12 09:36:54,,,,,,,,,,,,,,,,False,False
4047,3579,BELONGS_TO,,,2021-09-22 18:34:11,,,,,,,,,,,,,,,,True,False
4109,3198,BELONGS_TO,,,2021-10-04 04:26:32,,,,,,,,,,,,,,,,False,True
4057,3347,BELONGS_TO,,,2021-10-23 14:29:10,,,,,,,,,,,,,,,,True,True
4566,3260,BELONGS_TO,,,2022-07-27 21:03:27,,,,,,,,,,,,,,,,True,False
4546,3117,BELONGS_TO,,,2022-12-16 15:31:52,,,,,,,,,,,,,,,,False,False
4605,3356,BELONGS_TO,,,2020-08-08 05:24:58,,,,,,,,,,,,,,,,True,False
4263,3660,BELONGS_TO,,,2023-05-15 14:24:42,,,,,,,,,,,,,,,,True,True
4535,3924,BELONGS_TO,,,2020-02-09 10:52:04,,,,,,,,,,,,,,,,False,True
4365,3243,BELONGS_TO,,,2021-06-26 02:52:19,,,,,,,,,,,,,,,,False,True
4005,3268,BELONGS_TO,,,2021-07-19 09:27:06,,,,,,,,,,,,,,,,False,False
4165,3449,BELONGS_TO,,,2021-11-03 09:39:15,,,,,,,,,,,,,,,,True,False
4589,3757,BELONGS_TO,,,2023-07-31 02:15:49,,,,,,,,,,,,,,,,False,True
4636,3869,BELONGS_TO,,,2023-08-11 11:32:49,,,,,,,,,,,,,,,,False,False
4622,3214,BELONGS_TO,,,2022-07-29 09:16:12,,,,,,,,,,,,,,,,False,True
4305,3782,BELONGS_TO,,,2021-05-13 12:25:35,,,,,,,,,,,,,,,,False,False
4603,3790,BELONGS_TO,,,2022-10-25 00:45:33,,,,,,,,,,,,,,,,False,False
4339,3423,BELONGS_TO,,,2022-03-23 02:50:13,,,,,,,,,,,,,,,,True,False
4172,3537,BELONGS_TO,,,2020-07-08 01:38:24,,,,,,,,,,,,,,,,True,False
4035,3196,BELONGS_TO,,,2023-11-02 12:19:32,,,,,,,,,,,,,,,,False,True
4562,3339,BELONGS_TO,,,2023-10-14 03:15:30,,,,,,,,,,,,,,,,False,False
4664,3268,BELONGS_TO,,,2022-09-03 15:25:17,,,,,,,,,,,,,,,,False,True
4303,3330,BELONGS_TO,,,2023-08-11 00:18:10,,,,,,,,,,,,,,,,False,False
4337,3452,BELONGS_TO,,,2023-12-18 02:42:22,,,,,,,,,,,,,,,,False,False
4380,3106,BELONGS_TO,,,2020-02-07 14:17:06,,,,,,,,,,,,,,,,True,False
4131,3207,BELONGS_TO,,,2021-12-20 22:29:04,,,,,,,,,,,,,,,,False,False
4126,3426,BELONGS_TO,,,2020-12-28 07:32:03,,,,,,,,,,,,,,,,True,False
4171,3641,BELONGS_TO,,,2023-09-15 07:16:23,,,,,,,,,,,,,,,,True,True
4491,3066,BELONGS_TO,,,2020-11-20 21:20:17,,,,,,,,,,,,,,,,False,False
4557,3469,BELONGS_TO,,,2020-11-09 13:51:49,,,,,,,,,,,,,,,,False,True
4121,3683,BELONGS_TO,,,2021-05-26 20:13:26,,,,,,,,,,,,,,,,False,True
4236,3511,BELONGS_TO,,,2022-10-03 12:44:11,,,,,,,,,,,,,,,,False,False
4225,3148,BELONGS_TO,,,2021-03-25 03:46:33,,,,,,,,,,,,,,,,True,True
4435,3403,BELONGS_TO,,,2022-05-26 17:10:16,,,,,,,,,,,,,,,,False,True
4074,3406,BELONGS_TO,,,2020-03-31 03:38:39,,,,,,,,,,,,,,,,True,False
4657,3166,BELONGS_TO,,,2020-07-24 23:12:12,,,,,,,,,,,,,,,,True,True
4136,3209,BELONGS_TO,,,2021-11-09 17:32:22,,,,,,,,,,,,,,,,False,True
4437,3954,BELONGS_TO,,,2020-03-26 11:57:38,,,,,,,,,,,,,,,,True,True
4172,3666,BELONGS_TO,,,2020-04-15 18:04:15,,,,,,,,,,,,,,,,True,False
4292,3227,BELONGS_TO,,,2022-06-03 11:54:50,,,,,,,,,,,,,,,,True,True
4643,3077,BELONGS_TO,,,2021-06-08 09:45:04,,,,,,,,,,,,,,,,False,False
4191,3800,BELONGS_TO,,,2021-07-01 15:12:26,,,,,,,,,,,,,,,,False,True
4092,3651,BELONGS_TO,,,2020-10-03 13:24:32,,,,,,,,,,,,,,,,True,False
4685,3197,BELONGS_TO,,,2023-07-17 07:42:42,,,,,,,,,,,,,,,,True,False
4194,3060,BELONGS_TO,,,2021-05-05 21:28:46,,,,,,,,,,,,,,,,True,False
4241,3746,BELONGS_TO,,,2021-06-19 16:06:01,,,,,,,,,,,,,,,,False,True
4455,3345,BELONGS_TO,,,2021-08-18 23:37:44,,,,,,,,,,,,,,,,False,True
4432,3928,BELONGS_TO,,,2020-05-09 18:23:59,,,,,,,,,,,,,,,,True,True
4635,3811,BELONGS_TO,,,2021-06-29 23:02:07,,,,,,,,,,,,,,,,False,True
4138,3643,BELONGS_TO,,,2020-04-07 22:59:47,,,,,,,,,,,,,,,,True,True
4217,3067,BELONGS_TO,,,2022-12-02 15:15:04,,,,,,,,,,,,,,,,True,False
4095,3330,BELONGS_TO,,,2023-05-08 06:56:27,,,,,,,,,,,,,,,,False,True
4055,3032,BELONGS_TO,,,2021-01-09 05:04:40,,,,,,,,,,,,,,,,True,False
4646,3436,BELONGS_TO,,,2023-06-22 02:24:47,,,,,,,,,,,,,,,,False,False
4623,3896,BELONGS_TO,,,2022-01-05 21:44:40,,,,,,,,,,,,,,,,False,False
4597,3610,BELONGS_TO,,,2022-06-23 20:46:09,,,,,,,,,,,,,,,,False,True
4111,3587,BELONGS_TO,,,2023-02-11 06:18:15,,,,,,,,,,,,,,,,False,False
4130,3600,BELONGS_TO,,,2020-12-07 09:48:52,,,,,,,,,,,,,,,,True,True
4367,3183,BELONGS_TO,,,2021-03-29 22:35:21,,,,,,,,,,,,,,,,True,True
4328,3970,BELONGS_TO,,,2023-12-30 21:43:29,,,,,,,,,,,,,,,,True,True
4195,3402,BELONGS_TO,,,2022-09-24 17:03:26,,,,,,,,,,,,,,,,True,True
4011,3727,BELONGS_TO,,,2021-10-08 10:23:52,,,,,,,,,,,,,,,,True,False
4359,3759,BELONGS_TO,,,2022-10-15 14:36:47,,,,,,,,,,,,,,,,True,True
4196,3645,BELONGS_TO,,,2020-04-14 22:03:44,,,,,,,,,,,,,,,,False,True
4261,3838,BELONGS_TO,,,2023-06-09 00:59:54,,,,,,,,,,,,,,,,True,True
4486,3132,BELONGS_TO,,,2022-04-29 16:14:51,,,,,,,,,,,,,,,,False,True
4169,3086,BELONGS_TO,,,2021-05-24 08:09:27,,,,,,,,,,,,,,,,False,False
4357,3297,BELONGS_TO,,,2021-12-20 14:03:01,,,,,,,,,,,,,,,,False,True
4615,3624,BELONGS_TO,,,2021-05-18 00:00:01,,,,,,,,,,,,,,,,True,False
4492,3993,BELONGS_TO,,,2023-03-24 12:58:11,,,,,,,,,,,,,,,,False,True
4419,3235,BELONGS_TO,,,2023-12-01 08:37:21,,,,,,,,,,,,,,,,True,True
4300,3567,BELONGS_TO,,,2022-11-22 23:14:20,,,,,,,,,,,,,,,,False,False
4250,3610,BELONGS_TO,,,2021-04-17 20:40:58,,,,,,,,,,,,,,,,True,False
4172,3480,BELONGS_TO,,,2020-12-29 12:31:56,,,,,,,,,,,,,,,,True,False
4321,3669,BELONGS_TO,,,2022-09-23 20:37:22,,,,,,,,,,,,,,,,False,False
4574,3176,BELONGS_TO,,,2021-01-14 05:24:29,,,,,,,,,,,,,,,,True,False
4094,3098,BELONGS_TO,,,2021-06-06 17:05:41,,,,,,,,,,,,,,,,False,False
4155,3058,BELONGS_TO,,,2021-08-17 20:10:18,,,,,,,,,,,,,,,,True,True
4305,3441,BELONGS_TO,,,2021-08-19 04:39:26,,,,,,,,,,,,,,,,False,False
4450,3691,BELONGS_TO,,,2023-04-05 10:04:24,,,,,,,,,,,,,,,,True,False
4085,3663,BELONGS_TO,,,2023-10-06 18:31:00,,,,,,,,,,,,,,,,False,False
4357,3246,BELONGS_TO,,,2022-03-31 23:30:07,,,,,,,,,,,,,,,,True,True
4614,3995,BELONGS_TO,,,2022-09-16 23:46:23,,,,,,,,,,,,,,,,False,True
4095,3977,BELONGS_TO,,,2023-10-11 11:03:39,,,,,,,,,,,,,,,,False,True
4675,3920,BELONGS_TO,,,2022-11-01 21:04:11,,,,,,,,,,,,,,,,True,False
4392,3081,BELONGS_TO,,,2022-08-25 10:05:34,,,,,,,,,,,,,,,,True,True
4070,3266,BELONGS_TO,,,2021-01-04 20:29:51,,,,,,,,,,,,,,,,False,False
4906,5126,FROM,,,,,,,,,,,,,,,False,2023-04-08,2021-05-13,,,
4928,5115,FROM,,,,,,,,,,,,,,,True,2021-10-31,2021-11-04,,,
4752,5130,FROM,,,,,,,,,,,,,,,False,2023-04-16,2023-01-10,,,
4837,5074,FROM,,,,,,,,,,,,,,,False,2021-06-20,2020-04-25,,,
5006,5095,FROM,,,,,,,,,,,,,,,False,2020-10-12,2023-06-15,,,
4873,5133,FROM,,,,,,,,,,,,,,,True,2023-02-17,2021-04-01,,,
4998,5140,FROM,,,,,,,,,,,,,,,True,2022-02-01,2023-08-06,,,
5012,5081,FROM,,,,,,,,,,,,,,,True,2021-07-25,2023-04-17,,,
4850,5134,FROM,,,,,,,,,,,,,,,False,2021-10-23,2021-09-02,,,
4973,5129,FROM,,,,,,,,,,,,,,,False,2022-07-05,2020-07-15,,,
5018,5113,FROM,,,,,,,,,,,,,,,True,2021-04-22,2020-07-29,,,
4836,5099,FROM,,,,,,,,,,,,,,,False,2022-07-09,2023-11-29,,,
4751,5098,FROM,,,,,,,,,,,,,,,False,2022-10-16,2021-05-18,,,
4805,5127,FROM,,,,,,,,,,,,,,,False,2023-01-12,2022-10-19,,,
4778,5052,FROM,,,,,,,,,,,,,,,False,2021-09-22,2021-11-24,,,
4782,5139,FROM,,,,,,,,,,,,,,,False,2023-01-06,2022-11-21,,,
4713,5112,FROM,,,,,,,,,,,,,,,True,2022-08-04,2021-09-07,,,
5039,5107,FROM,,,,,,,,,,,,,,,True,2022-12-03,2020-07-29,,,
4907,5133,FROM,,,,,,,,,,,,,,,True,2023-12-26,2020-01-01,,,
4835,5076,FROM,,,,,,,,,,,,,,,True,2022-10-08,2023-03-16,,,
4827,5128,FROM,,,,,,,,,,,,,,,True,2021-08-07,2020-09-04,,,
5012,5064,FROM,,,,,,,,,,,,,,,False,2023-03-04,2023-12-30,,,
4950,5079,FROM,,,,,,,,,,,,,,,True,2020-07-05,2020-01-27,,,
4847,5146,FROM,,,,,,,,,,,,,,,True,2022-05-21,2020-11-22,,,
4848,5124,FROM,,,,,,,,,,,,,,,True,2023-07-31,2022-10-08,,,
4990,5061,FROM,,,,,,,,,,,,,,,False,2020-05-31,2020-02-24,,,
4866,5088,FROM,,,,,,,,,,,,,,,False,2022-02-13,2021-10-10,,,
5003,5123,FROM,,,,,,,,,,,,,,,True,2022-09-08,2023-09-23,,,
4977,5092,FROM,,,,,,,,,,,,,,,True,2022-10-20,2020-09-02,,,
4809,5098,FROM,,,,,,,,,,,,,,,True,2022-01-07,2022-01-04,,,
4879,5075,FROM,,,,,,,,,,,,,,,False,2022-12-06,2021-10-21,,,
4861,5124,FROM,,,,,,,,,,,,,,,False,2021-05-22,2023-11-01,,,
4908,5106,FROM,,,,,,,,,,,,,,,True,2023-10-26,2021-12-12,,,
4809,5057,FROM,,,,,,,,,,,,,,,False,2023-12-19,2023-09-07,,,
4736,5057,FROM,,,,,,,,,,,,,,,False,2023-11-15,2022-09-27,,,
5019,5062,FROM,,,,,,,,,,,,,,,False,2023-08-21,2022-10-30,,,
4917,5084,FROM,,,,,,,,,,,,,,,True,2023-01-06,2021-12-14,,,
4978,5099,FROM,,,,,,,,,,,,,,,True,2023-12-03,2020-04-24,,,
4808,5142,FROM,,,,,,,,,,,,,,,False,2021-02-09,2020-02-17,,,
5034,5078,FROM,,,,,,,,,,,,,,,False,2021-12-20,2022-05-16,,,
4963,5145,FROM,,,,,,,,,,,,,,,False,2020-08-18,2021-12-08,,,
4835,5139,FROM,,,,,,,,,,,,,,,True,2022-01-31,2021-06-30,,,
4829,5130,FROM,,,,,,,,,,,,,,,False,2021-11-25,2020-08-20,,,
4844,5084,FROM,,,,,,,,,,,,,,,True,2020-02-19,2021-05-22,,,
4817,5089,FROM,,,,,,,,,,,,,,,False,2022-01-27,2020-04-23,,,
4864,5117,FROM,,,,,,,,,,,,,,,True,2022-01-14,2022-11-03,,,
5049,5080,FROM,,,,,,,,,,,,,,,True,2022-11-18,2023-01-18,,,
4949,5109,FROM,,,,,,,,,,,,,,,False,2021-03-17,2020-04-04,,,
4968,5083,FROM,,,,,,,,,,,,,,,True,2022-09-25,2020-01-12,,,
4930,5091,FROM,,,,,,,,,,,,,,,False,2020-09-22,2020-08-01,,,
4840,5099,FROM,,,,,,,,,,,,,,,True,2021-08-28,2022-07-28,,,
5002,5150,FROM,,,,,,,,,,,,,,,True,2022-07-03,2020-12-20,,,
4977,5077,FROM,,,,,,,,,,,,,,,False,2021-03-16,2021-09-20,,,
4877,5124,FROM,,,,,,,,,,,,,,,True,2022-07-06,2023-11-30,,,
4879,5096,FROM,,,,,,,,,,,,,,,False,2020-09-02,2021-06-15,,,
4944,5129,FROM,,,,,,,,,,,,,,,True,2021-11-29,2023-09-23,,,
4979,5103,FROM,,,,,,,,,,,,,,,True,2022-11-10,2023-11-11,,,
4991,5122,FROM,,,,,,,,,,,,,,,True,2020-09-16,2022-05-17,,,
4894,5095,FROM,,,,,,,,,,,,,,,False,2023-06-17,2020-03-07,,,
4883,5097,FROM,,,,,,,,,,,,,,,False,2021-08-19,2021-10-25,,,
4888,5081,FROM,,,,,,,,,,,,,,,True,2022-09-12,2023-03-08,,,
4722,5138,FROM,,,,,,,,,,,,,,,False,2020-10-18,2022-06-22,,,
4909,5121,FROM,,,,,,,,,,,,,,,False,2020-06-15,2021-08-21,,,
4737,5088,FROM,,,,,,,,,,,,,,,True,2020-03-25,2022-11-22,,,
4733,5124,FROM,,,,,,,,,,,,,,,True,2021-06-29,2022-05-04,,,
4837,5148,FROM,,,,,,,,,,,,,,,True,2020-02-05,2021-10-19,,,
4902,5115,FROM,,,,,,,,,,,,,,,False,2023-02-01,2022-09-03,,,
5016,5103,FROM,,,,,,,,,,,,,,,False,2023-01-23,2022-02-21,,,
4839,5138,FROM,,,,,,,,,,,,,,,True,2020-04-05,2023-05-24,,,
4703,5076,FROM,,,,,,,,,,,,,,,False,2021-08-04,2022-05-19,,,
4957,5134,FROM,,,,,,,,,,,,,,,True,2020-09-18,2022-01-19,,,
4743,5149,FROM,,,,,,,,,,,,,,,True,2022-05-11,2020-01-07,,,
4768,5106,FROM,,,,,,,,,,,,,,,False,2022-06-06,2022-02-10,,,
4984,5130,FROM,,,,,,,,,,,,,,,True,2021-06-05,2021-06-09,,,
4740,5105,FROM,,,,,,,,,,,,,,,False,2022-05-23,2022-10-21,,,
4750,5093,FROM,,,,,,,,,,,,,,,False,2020-03-18,2021-08-04,,,
4793,5121,FROM,,,,,,,,,,,,,,,False,2020-07-07,2023-12-07,,,
4814,5120,FROM,,,,,,,,,,,,,,,False,2021-08-11,2023-05-29,,,
4867,5067,FROM,,,,,,,,,,,,,,,True,2023-04-17,2021-09-28,,,
4930,5084,FROM,,,,,,,,,,,,,,,True,2021-11-17,2020-05-19,,,
5027,5077,FROM,,,,,,,,,,,,,,,False,2022-09-10,2020-04-13,,,
4971,5064,FROM,,,,,,,,,,,,,,,True,2020-05-09,2023-11-11,,,
4794,5116,FROM,,,,,,,,,,,,,,,False,2023-01-29,2021-08-12,,,
4920,5068,FROM,,,,,,,,,,,,,,,False,2022-09-21,2022-11-15,,,
4725,5053,FROM,,,,,,,,,,,,,,,False,2021-07-24,2023-07-01,,,
4920,5100,FROM,,,,,,,,,,,,,,,True,2021-08-13,2021-09-12,,,
4916,5097,FROM,,,,,,,,,,,,,,,False,2021-01-17,2022-05-31,,,
4771,5055,FROM,,,,,,,,,,,,,,,True,2021-07-30,2020-03-20,,,
4914,5149,FROM,,,,,,,,,,,,,,,True,2021-02-12,2020-10-11,,,
4757,5123,FROM,,,,,,,,,,,,,,,True,2020-03-27,2021-09-22,,,
4945,5067,FROM,,,,,,,,,,,,,,,True,2021-11-23,2020-04-03,,,
4733,5145,FROM,,,,,,,,,,,,,,,False,2022-10-17,2020-05-16,,,
4734,5091,FROM,,,,,,,,,,,,,,,True,2023-12-01,2020-12-19,,,
4878,5051,FROM,,,,,,,,,,,,,,,True,2022-07-28,2023-03-19,,,
4711,5081,FROM,,,,,,,,,,,,,,,False,2020-01-28,2023-08-09,,,
5025,5123,FROM,,,,,,,,,,,,,,,False,2023-05-29,2023-10-02,,,
4726,5135,FROM,,,,,,,,,,,,,,,False,2020-02-12,2023-04-09,,,
4828,5081,FROM,,,,,,,,,,,,,,,True,2021-01-29,2021-04-04,,,
5039,5068,FROM,,,,,,,,,,,,,,,True,2020-05-29,2022-06-11,,,
4747,5051,FROM,,,,,,,,,,,,,,,False,2021-07-01,2022-08-29,,,
